コード,銘柄名,市場,現在値,前日比(%),入力CSV,配当利回り(予)(%),時価総額(百万円),PBR(株価純資産倍率)(倍),ROE(自己資本利益率)(%),自己資本比率(%),PER(株価収益率)(予)(倍),売上高成長率(予)(%),経常利益成長率(予)(%),過去3年平均売上高成長率(予)(%),経常利益変化率(%)
135A,ＶＲＡＩＮ　Ｓｏｌｕｔｉｏｎ,東G,4120,+5.0(+0.12%),8274.csv,,,,,,43.10,47.96,58.99,50.38,
1384,ホクリヨウ,東S,2181,-14.0(-0.64%),8271.csv,3.76,"18,449",,,,,,,,
1414,ショーボンドＨＬＤＧ,東P,1280.5,+7.5(+0.59%),8271.csv,3.64,"280,405",,,,,,,,
1419,タマホーム,東P,3060,-5.0(-0.16%),8271.csv,4.08,"90,135",,,,,,,,
1436,グリーンエナジー＆カンパニー,東G,1581,+19.0(+1.22%),8274.csv,,,,,,21.72,19.84,45.77,37.62,
1605,ＩＮＰＥＸ,東P,3837.0,-41.0(-1.06%),8273.csv,,"4,831,305",0.94,8.20,61.37,9.65,,,,
1662,石油資源開発,東P,1818,-51.0(-2.73%),8271.csv / 8273.csv,3.10,"467,227",0.74,9.20,72.76,6.34,,,,
1717,明豊ファシリティワークス,東S,960,+4.0(+0.42%),8271.csv,4.58,"12,265",,,,,,,,
1719,安藤・間,東P,1932.5,+28.5(+1.50%),8271.csv,4.54,"349,823",,,,,,,,
1720,東急建設,東P,1172,+10.0(+0.86%),8271.csv,3.63,"125,124",,,,,,,,
1762,高松コンストラクショングループ,東P,4050,+55.0(+1.38%),8271.csv,3.73,"141,015",,,,,,,,
1786,オリエンタル白石,東P,362,+3.0(+0.84%),8271.csv,4.01,"50,249",,,,,,,,
1801,大成建設,東P,12815.0,+10.0(+0.08%),8275.csv,,"2,091,227",,18.70,,,,5.91,6.01,45.55
1802,大林組,東P,2973.0,-38.0(-1.26%),8271.csv,3.19,"2,056,755",,,,,,,,
1803,清水建設,東P,2393.5,+9.0(+0.38%),8271.csv / 8275.csv,3.40,"1,715,396",,13.80,,,,42.44,8.58,70.69
1808,長谷工コーポレーション,東P,2857.5,-9.5(-0.33%),8271.csv / 8275.csv,3.64,"835,761",,10.00,,,,16.71,8.16,12.76
1812,鹿島建設,東P,4829.0,-6.0(-0.12%),8271.csv,3.30,"2,552,880",,,,,,,,
1813,不動テトラ,東P,2882,+13.0(+0.45%),8271.csv,3.99,"47,523",,,,,,,,
1820,西松建設,東P,5578.0,+41.0(+0.74%),8271.csv,4.47,"233,113",,,,,,,,
1835,東鉄工業,東P,4020,+35.0(+0.88%),8271.csv,3.83,"145,122",,,,,,,,
1860,戸田建設,東P,1520.0,+5.0(+0.33%),8271.csv,3.73,"483,369",,,,,,,,
1861,熊谷組,東P,1304,+4.0(+0.31%),8271.csv,4.03,"225,777",,,,,,,,
1870,矢作建設工業,東P,2181,+28.0(+1.30%),8271.csv,5.04,"97,289",,,,,,,,
1878,大東建託,東P,3357.0,+26.0(+0.78%),8271.csv,4.97,"1,156,805",,,,,,,,
1885,東亜建設工業,東P,2105,+24.0(+1.15%),8271.csv,4.16,"185,195",,,,,,,,
1893,五洋建設,東P,1448.5,+15.0(+1.05%),8271.csv,3.52,"414,291",,,,,,,,
1911,住友林業,東P,1347.0,+6.0(+0.45%),8271.csv,3.71,"833,209",,,,,,,,
1925,大和ハウス工業,東P,4717.0,+8.0(+0.17%),8271.csv,3.79,"3,112,419",,,,,,,,
1926,ライト工業,東P,3785,+15.0(+0.40%),8271.csv,3.94,"162,643",,,,,,,,
1928,積水ハウス,東P,3461.0,+1.0(+0.03%),8271.csv,4.19,"2,255,138",,,,,,,,
1929,日特建設,東P,1182,-1.0(-0.08%),8271.csv,4.23,"49,402",,,,,,,,
1934,ユアテック,東P,2548,+29.0(+1.15%),8271.csv,3.38,"176,300",,,,,,,,
1942,関電工,東P,5446.0,+46.0(+0.85%),8275.csv,,"1,118,000",,16.80,,,,17.89,8.27,42.83
1944,きんでん,東P,6950.0,+89.0(+1.30%),8271.csv,3.29,"1,156,857",,,,,,,,
1946,トーエネック,東P,2176,+13.0(+0.60%),8271.csv,3.49,"210,310",,,,,,,,
1950,日本電設工業,東P,3940,+25.0(+0.64%),8271.csv,3.26,"242,457",,,,,,,,
1951,エクシオグループ,東P,2624.5,+21.0(+0.81%),8271.csv,3.02,"539,662",,,,,,,,
1968,太平電業,東P,2528,+49.0(+1.98%),8274.csv,,,,,,12.76,10.83,16.95,11.77,
1969,高砂熱学工業,東P,4316.0,+2.0(+0.05%),8275.csv,,"606,307",,19.20,,,,10.38,8.34,44.82
1979,大氣社,東P,3935,+35.0(+0.90%),8271.csv,3.03,"249,731",,,,,,,,
197A,タウンズ,東S,503,+1.0(+0.20%),8271.csv,5.67,"53,671",,,,,,,,
1980,ダイダン,東P,2749,+21.0(+0.77%),8271.csv,3.02,"379,063",,,,,,,,
1982,日比谷総合設備,東P,3000,+22.0(+0.74%),8271.csv,3.67,"132,000",,,,,,,,
2002,日清製粉グループ本社,東P,2057.0,-9.0(-0.44%),8271.csv,3.16,"577,135",,,,,,,,
2121,ＭＩＸＩ,東P,3665,+100.0(+2.81%),8271.csv,3.77,"251,166",,,,,,,,
2124,ジェイエイシーリクルートメント,東P,998,-5.0(-0.50%),8271.csv / 8274.csv / 8275.csv,4.07,"165,226",,41.50,,16.09,14.82,14.28,16.26,28.36
2127,日本Ｍ＆ＡセンターＨＬＤＧ,東P,688.3,+2.4(+0.35%),8271.csv / 8275.csv,4.31,"231,912",,25.70,,,,7.71,10.79,13.22
2130,メンバーズ,東P,946,+1.0(+0.11%),8271.csv,3.70,"12,698",,,,,,,,
2146,ＵＴグループ,東P,230,+0.0(+0.00%),8271.csv,5.36,"138,376",,,,,,,,
2148,アイティメディア,東P,1260,-1.0(-0.08%),8271.csv,3.97,"26,632",,,,,,,,
2154,オープンアップグループ,東P,2042,+8.0(+0.39%),8271.csv,4.44,"185,460",,,,,,,,
2158,ＦＲＯＮＴＥＯ,東G,631,-11.0(-1.71%),8274.csv,,,,,,29.49,17.75,42.22,21.47,
215A,タイミー,東G,1714,+24.0(+1.42%),8274.csv,,,,,,25.29,131.97,156.41,19.21,
2160,ジーエヌアイグループ,東G,2761,+35.0(+1.28%),8274.csv,,,,,,180.62,51.19,119.18,31.10,
2170,リンクアンドモチベーション,東P,697,+5.0(+0.72%),8274.csv,,,,,,21.48,12.52,45.04,11.68,
2181,パーソルＨＬＤＧ,東P,296.9,-1.2(-0.40%),8271.csv / 8275.csv,4.28,"676,468",,20.90,,,,11.68,7.68,13.61
2198,アイ・ケイ・ケイＨＬＤＧ,東P,788,-3.0(-0.38%),8271.csv,3.05,"23,606",,,,,,,,
2216,カンロ,東S,1085,-12.0(-1.09%),8271.csv,3.04,"49,852",,,,,,,,
2222,寿スピリッツ,東P,2715.0,-10.5(-0.39%),8275.csv,,"422,613",,28.50,,,,16.96,9.28,5.92
2270,雪印メグミルク,東P,3725,+20.0(+0.54%),8273.csv,,"237,787",0.95,13.60,55.68,8.65,,,,
2281,プリマハム,東P,2428,-5.0(-0.21%),8271.csv,3.29,"122,673",,,,,,,,
2292,Ｓ　ＦＯＯＤＳ,東P,2961,+24.0(+0.82%),8271.csv,3.71,"95,545",,,,,,,,
2301,学情,東P,1721,-8.0(-0.46%),8271.csv,4.36,"26,779",,,,,,,,
2317,システナ,東P,444,+0.0(+0.00%),8271.csv,3.90,"189,091",,,,,,,,
2326,デジタルアーツ,東P,4410,-35.0(-0.79%),8274.csv,,,,,,14.81,13.31,16.98,10.90,
2327,日鉄ソリューションズ,東P,3899.0,-3.0(-0.08%),8275.csv,,"713,525",,11.40,,,,7.96,11.00,15.89
2337,いちご,東P,412,+0.0(+0.00%),8271.csv,3.79,"171,643",,,,,,,,
2353,日本駐車場開発,東P,271,+0.0(+0.00%),8271.csv / 8274.csv,3.51,"94,416",,,,14.11,10.77,18.49,11.71,
2371,カカクコム,東P,3660.0,+5.0(+0.14%),8274.csv,,,,,,32.54,18.95,18.27,19.48,
2379,ディップ,東P,1878,-12.0(-0.63%),8271.csv,5.14,"112,943",,,,,,,,
2384,ＳＢＳ　ＨＬＤＧ,東P,5140,+30.0(+0.59%),8274.csv / 8275.csv,,"204,152",,12.70,,14.29,16.05,19.26,12.68,14.52
2395,新日本科学,東P,1387,+1.0(+0.07%),8271.csv,3.60,"57,744",,,,,,,,
2413,エムスリー,東P,1752.5,+2.5(+0.14%),8275.csv,,"1,190,167",,12.50,,,,6.35,17.38,17.74
2415,ヒューマンＨＬＤＧ,東S,1697,+19.0(+1.13%),8271.csv,4.18,"17,611",,,,,,,,
2429,ワールドＨＬＤＧ,東P,2833,+20.0(+0.71%),8271.csv,4.81,"51,035",,,,,,,,
2462,ライク,東P,1551,+1.0(+0.06%),8271.csv,3.87,"31,741",,,,,,,,
2471,エスプール,東P,292,-2.0(-0.68%),8271.csv,3.42,"23,070",,,,,,,,
2475,ＷＤＢ　ＨＬＤＧ,東P,1840,+7.0(+0.38%),8271.csv,5.11,"36,910",,,,,,,,
247A,Ａｉロボティクス,東G,948,+13.0(+1.39%),8274.csv,,,,,,11.07,100.22,106.56,103.42,
2491,バリューコマース,東P,503,+9.0(+1.82%),8271.csv,3.18,"17,339",,,,,,,,
2492,インフォマート,東P,596,-6.0(-1.00%),8274.csv,,,,,,47.23,13.53,70.24,16.91,
2502,アサヒグループＨＬＤＧ,東P,1679.0,-9.0(-0.53%),8271.csv,3.36,"2,553,776",,,,,,,,
2585,ライフドリンク　カンパニー,東P,1604,-46.0(-2.79%),8274.csv,,,,,,19.33,40.12,22.88,28.71,
2586,フルッタフルッタ,東G,78,+0.0(+0.00%),8274.csv,,,,,,26.53,47.02,193.65,34.62,
262A,インターメスティック,東P,1818,-33.0(-1.78%),8274.csv,,,,,,10.44,73.75,37.15,39.39,
2659,サンエー,東P,3370,-10.0(-0.30%),8271.csv,3.64,"215,556",,,,,,,,
2674,ハードオフコーポレーション,東P,2700,-23.0(-0.84%),8271.csv / 8274.csv,3.41,"37,676",,,,11.18,17.73,20.09,17.43,
2676,高千穂交易,東P,2098,+7.0(+0.33%),8271.csv,3.62,"42,681",,,,,,,,
2726,パルグループＨＬＤＧ,東P,1508,-41.0(-2.65%),8275.csv,,"279,113",,22.90,,,,6.58,9.42,13.37
2733,あらた,東P,2730,+20.0(+0.74%),8271.csv,4.10,"98,437",,,,,,,,
2760,東京エレクトロン　デバイス,東P,4050,+60.0(+1.50%),8271.csv,3.19,"126,913",,,,,,,,
2767,円谷フィールズＨＬＤＧ,東P,2517,-7.0(-0.28%),8271.csv / 8274.csv / 8275.csv,4.17,"164,685",,23.30,,10.69,18.12,25.77,20.96,7.83
2768,双日,東P,5629.0,-67.0(-1.18%),8271.csv,3.20,"1,182,090",,,,,,,,
277A,グロービング,東P,1816,-38.0(-2.05%),8274.csv,,,,,,15.18,40.06,20.17,39.76,
2784,アルフレッサＨＬＤＧ,東P,2325.5,+6.5(+0.28%),8271.csv,3.12,"444,868",,,,,,,,
2815,アリアケジャパン,東P,5430,-10.0(-0.18%),8271.csv,5.52,"178,151",,,,,,,,
286A,ユカリア,東G,810,-8.0(-0.98%),8274.csv,,,,,,17.26,31.13,19.22,27.88,
290A,Ｓｙｎｓｐｅｃｔｉｖｅ,東G,1494,+65.0(+4.55%),8274.csv,,,,,,63.06,175.61,446.18,68.15,
2914,日本たばこ産業,東P,6983.0,-3.0(-0.04%),8271.csv / 8274.csv / 8275.csv,3.90,"13,966,000",,13.00,,19.49,11.12,21.98,10.61,216.46
2915,ケンコーマヨネーズ,東P,2020,-17.0(-0.83%),8271.csv,3.56,"33,282",,,,,,,,
2918,わらべや日洋ＨＬＤＧ,東P,2864,-12.0(-0.42%),8271.csv,4.36,"50,480",,,,,,,,
2929,ファーマフーズ,東P,623,+3.0(+0.48%),8271.csv,4.01,"18,116",,,,,,,,
2930,北の達人,東P,132,+3.0(+2.33%),8271.csv,3.03,"18,622",,,,,,,,
2975,スター・マイカ・ＨＬＤＧ,東P,1593,-4.0(-0.25%),8271.csv,3.39,"61,456",,,,,,,,
2980,ＳＲＥ　ＨＬＤＧ,東P,2410,-4.0(-0.17%),8274.csv,,,,,,12.39,23.32,27.54,23.22,
3002,グンゼ,東P,4230,+25.0(+0.59%),8271.csv,5.11,"133,613",,,,,,,,
3003,ヒューリック,東P,1805.5,+2.0(+0.11%),8271.csv / 8275.csv,3.81,"1,386,457",,13.00,,,,8.23,22.98,12.05
3010,ポラリス・ＨＬＤＧ,東S,193,+2.0(+1.05%),8271.csv / 8274.csv,5.18,"45,176",,,,22.73,12.88,27.07,40.08,
3031,ラクーンＨＬＤＧ,東P,655,+0.0(+0.00%),8271.csv,3.44,"13,927",,,,,,,,
3050,ＤＣＭ　ＨＬＤＧ,東P,1622,+7.0(+0.43%),8271.csv,3.14,"237,623",,,,,,,,
3064,ＭｏｎｏｔａＲＯ,東P,1861.0,+4.0(+0.22%),8274.csv / 8275.csv,,"923,346",,28.70,,24.85,14.07,16.36,14.97,23.41
3076,あいＨＬＤＧ,東P,2968,+6.0(+0.20%),8271.csv,4.21,"167,960",,,,,,,,
3092,ＺＯＺＯ,東P,1142.0,-6.5(-0.57%),8271.csv / 8275.csv,3.56,"1,018,701",,46.60,,,,7.65,6.48,6.74
3093,トレジャー・ファクトリー,東P,2172,+33.0(+1.54%),8274.csv,,,,,,14.14,13.28,10.77,14.21,
3104,富士紡ＨＬＤＧ,東P,3480,-10.0(-0.29%),8271.csv / 8274.csv,3.08,"118,536",,,,16.80,18.52,25.90,12.63,
3110,日東紡績,東P,2901,-70.0(-2.36%),8274.csv,,,,,,27.35,20.55,46.12,14.33,
3116,トヨタ紡織,東P,2250.5,+16.0(+0.72%),8271.csv,3.85,"422,342",,,,,,,,
3132,マクニカＨＬＤＧ,東P,3520.0,+87.0(+2.53%),8274.csv,,,,,,14.84,28.18,59.87,22.67,
3139,ラクト・ジャパン,東P,3435,+10.0(+0.29%),8271.csv,3.84,"34,522",,,,,,,,
3150,グリムス,東P,2545,+25.0(+0.99%),8271.csv,3.69,"60,666",,,,,,,,
3156,レスター,東P,5090,+305.0(+6.37%),8271.csv,3.09,"153,070",,,,,,,,
3176,三洋貿易,東P,1130,+28.0(+2.54%),8271.csv,3.54,"65,557",,,,,,,,
3179,シュッピン,東P,1226,-9.0(-0.73%),8271.csv,3.26,"26,180",,,,,,,,
3180,ビューティガレージ,東P,1541,-35.0(-2.22%),8274.csv,,,,,,14.00,11.99,43.82,12.63,
3186,ネクステージ,東P,3385,-5.0(-0.15%),8274.csv / 8275.csv,,"273,864",,16.90,,14.55,18.94,44.12,18.45,52.22
3196,ホットランドＨＬＤＧ,東P,1653,-14.0(-0.84%),8274.csv,,,,,,54.38,11.46,13.81,11.06,
3231,野村不動産ＨＬＤＧ,東P,936.0,+0.6(+0.06%),8271.csv,4.79,"859,194",,,,,,,,
3232,三重交通グループＨＬＤＧ,東P,602,+6.0(+1.01%),8271.csv,3.32,"64,596",,,,,,,,
3252,地主,東P,3005,+24.0(+0.81%),8271.csv,4.33,"64,817",,,,,,,,
325A,ＴＥＮＴＩＡＬ,東G,1797,+11.0(+0.62%),8274.csv,,,,,,16.48,188.11,213.74,58.08,
3287,星野リゾート・リート投資法人,東REIT,244300,"+2,900.0(+1.20%)",8274.csv,,,,,,18.97,12.22,22.70,13.73,
3288,オープンハウスグループ,東P,7999.0,-4.0(-0.05%),8275.csv,,"934,059",,20.10,,,,23.45,7.60,15.97
3289,東急不動産ＨＬＤＧ,東P,1346.5,+4.0(+0.30%),8271.csv / 8275.csv,3.79,"969,252",,11.20,,,,10.18,10.55,14.44
3291,飯田グループＨＬＤＧ,東P,2373.5,+31.5(+1.35%),8271.csv,3.94,"665,480",,,,,,,,
3299,ムゲンエステート,東S,1738,+1.0(+0.06%),8271.csv,7.48,"42,339",,,,,,,,
3302,帝国繊維,東P,3385,+20.0(+0.59%),8274.csv,,,,,,20.17,14.54,14.54,10.63,
3333,あさひ,東P,1344,-16.0(-1.18%),8271.csv,3.72,"35,268",,,,,,,,
3355,クリヤマＨＬＤＧ,東S,1839,+3.0(+0.16%),8271.csv / 8273.csv,3.37,"41,010",0.74,8.40,54.81,9.30,,,,
3374,内外テック,東S,4165,-65.0(-1.54%),8274.csv,,,,,,11.21,37.97,43.99,12.85,
3391,ツルハＨＬＤＧ,東P,2399.0,-3.5(-0.15%),8274.csv,,,,,,23.11,75.93,47.72,73.72,
3392,デリカフーズＨＬＤＧ,東S,796,-2.0(-0.25%),8271.csv,3.39,"13,032",,,,,,,,
3393,スターティアＨＬＤＧ,東P,3010,-10.0(-0.33%),8271.csv,4.82,"30,824",,,,,,,,
3405,クラレ,東P,1781.0,-8.0(-0.45%),8271.csv,3.59,"538,100",,,,,,,,
3415,ＴＯＫＹＯ　ＢＡＳＥ,東P,380,+6.0(+1.60%),8274.csv,,,,,,11.53,15.66,19.11,16.55,
3433,トーカロ,東P,2782,+6.0(+0.22%),8271.csv / 8274.csv,3.25,"170,258",,,,15.00,19.25,10.55,13.41,
3443,川田テクノロジーズ,東P,1412,+13.0(+0.93%),8273.csv,,"74,021",0.75,9.20,60.71,8.23,,,,
3445,ＲＳ　Ｔｅｃｈｎｏｌｏｇｉｅｓ,東P,5620,+50.0(+0.90%),8274.csv,,,,,,13.96,11.14,11.21,20.00,
3446,ジェイテックコーポレーション,東S,1569,-13.0(-0.82%),8274.csv,,,,,,25.88,46.73,530.95,22.08,
3449,テクノフレックス,東S,3820,-20.0(-0.52%),8274.csv,,,,,,19.46,17.77,54.18,17.92,
3465,ケイアイスター不動産,東P,3830,-65.0(-1.67%),8271.csv / 8275.csv,3.74,"121,558",,23.00,,,,16.84,15.55,65.06
3479,ＴＫＰ,東G,1894,+9.0(+0.48%),8274.csv,,,,,,14.97,26.66,13.76,56.41,
3482,ロードスターキャピタル,東P,2660,+17.0(+0.64%),8271.csv,4.50,"57,041",,,,,,,,
3491,ＧＡ　ｔｅｃｈｎｏｌｏｇｉｅｓ,東G,1582,+14.0(+0.89%),8274.csv,,,,,,11.22,29.58,48.70,30.34,
3496,アズーム,東P,4980,+60.0(+1.22%),8274.csv,,,,,,27.77,26.11,20.44,26.99,
3498,霞ヶ関キャピタル,東P,7790,+140.0(+1.83%),8274.csv,,,,,,11.44,60.76,43.18,53.68,
3548,バロックジャパンリミテッド,東P,739,+4.0(+0.54%),8271.csv,5.14,"27,104",,,,,,,,
3556,リネットジャパングループ,東G,854,-26.0(-2.95%),8274.csv,,,,,,10.40,53.67,202.42,17.06,
3563,ＦＯＯＤ　＆　ＬＩＦＥ　ＣＯＭ,東P,5716.0,+21.0(+0.37%),8274.csv / 8275.csv,,"1,326,903",,26.90,,41.12,20.77,43.60,19.86,55.99
3608,ＴＳＩ　ＨＬＤＧ,東P,1277,-3.0(-0.23%),8271.csv,5.48,"81,011",,,,,,,,
3611,マツオカコーポレーション,東S,2538,-2.0(-0.08%),8271.csv / 8273.csv,4.93,"26,887",0.67,8.00,53.13,7.01,,,,
3612,ワールド,東P,1686,-19.0(-1.11%),8271.csv,4.15,"130,058",,,,,,,,
3632,グリーＨＬＤＧ,東P,423,+6.0(+1.44%),8271.csv,5.08,"76,034",,,,,,,,
3633,ＧＭＯペパボ,東S,2520,+64.0(+2.61%),8271.csv,3.69,"13,781",,,,,,,,
3635,コーエーテクモＨＬＤＧ,東P,1713.0,+7.5(+0.44%),8271.csv,3.17,"575,734",,,,,,,,
3636,三菱総合研究所,東P,5030,+10.0(+0.20%),8271.csv,3.28,"80,701",,,,,,,,
3649,ファインデックス,東P,877,+5.0(+0.57%),8271.csv,3.08,"23,336",,,,,,,,
3657,ポールトゥウィンＨＬＤＧ,東P,362,+3.0(+0.84%),8271.csv,4.42,"13,812",,,,,,,,
3659,ネクソン,東P,3121.0,+7.0(+0.22%),8271.csv,15.03,"2,476,679",,,,,,,,
3660,アイスタイル,東P,525,+4.0(+0.77%),8274.csv,,,,,,15.00,12.99,18.76,15.94,
3665,エニグモ,東P,427,+4.0(+0.95%),8271.csv / 8274.csv,7.03,"18,208",,,,328.46,71.54,365.12,34.97,
3668,コロプラ,東P,438,+2.0(+0.46%),8271.csv,4.57,"57,092",,,,,,,,
366A,ウェルネス・コミュニケーション,東G,1145,+12.0(+1.06%),8271.csv,3.49,"14,271",,,,,,,,
3673,ブロードリーフ,東P,461,+0.0(+0.00%),8274.csv,,,,,,26.34,10.50,146.56,12.90,
3678,メディアドゥ,東P,1296,+0.0(+0.00%),8271.csv,3.09,"19,755",,,,,,,,
367A,プリモグローバルＨＬＤＧ,東S,2779,-12.0(-0.43%),8271.csv,4.32,"24,532",,,,,,,,
3696,セレス,東P,2277,-22.0(-0.96%),8271.csv,3.95,"27,750",,,,,,,,
369A,エータイ,東G,2484,+11.0(+0.44%),8274.csv,,,,,,19.17,18.46,27.66,20.84,
3765,ガンホー・オンライン,東P,2452,+19.0(+0.78%),8271.csv,3.62,"130,352",,,,,,,,
3769,ＧＭＯペイメントゲートウェイ,東P,9416.0,-81.0(-0.85%),8274.csv / 8275.csv,,"720,866",,20.20,,28.80,14.90,19.47,13.35,16.02
3774,インターネットイニシアティブ,東P,3314.0,-64.0(-1.89%),8275.csv,,"608,048",,16.20,,,,8.26,10.68,20.76
3778,さくらインターネット,東P,3535,+35.0(+1.00%),8274.csv,,,,,,73.43,35.06,"2,598.10",23.20,
3798,ＵＬＳグループ,東S,532,-4.0(-0.75%),8274.csv,,,,,,12.76,19.70,23.51,22.68,
3817,ＳＲＡ　ＨＬＤＧ,東P,4905,+70.0(+1.45%),8271.csv,4.49,"74,752",,,,,,,,
3834,朝日ネット,東P,623,+0.0(+0.00%),8271.csv,4.17,"19,936",,,,,,,,
3836,アバントグループ,東P,1183,-4.0(-0.34%),8271.csv,3.38,"42,007",,,,,,,,
3837,アドソル日進,東P,1443,-18.0(-1.23%),8271.csv,3.33,"24,949",,,,,,,,
3844,コムチュア,東P,1357,-16.0(-1.17%),8271.csv,3.83,"43,752",,,,,,,,
3861,王子ＨＬＤＧ,東P,880.0,+10.8(+1.24%),8271.csv,4.09,"804,656",,,,,,,,
3891,ニッポン高度紙工業,東S,6310,-120.0(-1.87%),8274.csv,,,,,,18.56,20.99,56.46,18.55,
3901,マークラインズ,東P,1570,+4.0(+0.26%),8271.csv,3.69,"20,769",,,,,,,,
3915,テラスカイ,東P,2263,-13.0(-0.57%),8274.csv,,,,,,20.88,19.76,45.92,16.61,
3916,デジタル・インフォメーション,東P,966,+5.0(+0.52%),8271.csv,3.93,"29,950",,,,,,,,
3923,ラクス,東P,1088.0,-13.0(-1.18%),8275.csv,,"385,577",,55.40,,,,47.56,12.41,70.68
3932,アカツキ,東P,3865,+70.0(+1.84%),8271.csv,4.14,"56,119",,,,,,,,
3937,Ｕｂｉｃｏｍ　ＨＬＤＧ,東S,1232,-5.0(-0.40%),8271.csv,3.25,"15,092",,,,,,,,
3939,カナミックネットワーク,東P,530,-3.0(-0.56%),8274.csv,,,,,,18.47,14.53,30.27,12.17,
3941,レンゴー,東P,1579.0,+7.0(+0.45%),8271.csv,3.22,"427,997",,,,,,,,
3964,オークネット,東P,1464,+15.0(+1.04%),8271.csv / 8274.csv,5.60,"140,621",,,,16.82,17.17,28.72,15.94,
3989,シェアリングテクノロジー,東G,1585,+15.0(+0.96%),8271.csv / 8274.csv,3.47,"38,721",,,,15.17,15.39,76.15,14.87,
3993,ＰＫＳＨＡ　Ｔｅｃｈｎｏｌｏｇ,東P,3165,-35.0(-1.09%),8274.csv,,,,,,30.27,71.94,13.79,48.86,
3994,マネーフォワード,東P,6170.0,+20.0(+0.33%),8274.csv,,,,,,399.51,21.83,115.50,23.28,
4005,住友化学,東P,554.6,-0.5(-0.09%),8271.csv,3.02,"922,288",,,,,,,,
4021,日産化学,東P,8168.0,-17.0(-0.21%),8275.csv,,"1,101,046",,20.30,,,,7.64,8.24,13.58
4023,クレハ,東P,4445,-65.0(-1.44%),8271.csv,4.90,"178,877",,,,,,,,
4026,神島化学工業,東S,1629,-9.0(-0.55%),8271.csv,3.01,"15,052",,,,,,,,
4028,石原産業,東P,3210,+40.0(+1.26%),8271.csv,4.05,"129,632",,,,,,,,
4041,日本曹達,東P,3945,-5.0(-0.13%),8271.csv,3.99,"218,137",,,,,,,,
4042,東ソー,東P,2654.0,+19.0(+0.72%),8271.csv,3.81,"862,765",,,,,,,,
4043,トクヤマ,東P,4021.0,-2.0(-0.05%),8271.csv,3.25,"289,867",,,,,,,,
4044,セントラル硝子,東P,4485,-10.0(-0.22%),8271.csv,3.79,"116,610",,,,,,,,
4045,東亞合成,東P,1861.0,-0.5(-0.03%),8271.csv,3.71,"200,988",,,,,,,,
4047,関東電化工業,東P,2326,-7.0(-0.30%),8274.csv,,,,,,16.55,48.32,112.70,24.73,
4053,Ｓｕｎ　Ａｓｔｅｒｉｓｋ,東P,459,-7.0(-1.50%),8274.csv,,,,,,11.98,19.99,105.41,14.54,
4054,日本情報クリエイト,東G,521,-4.0(-0.76%),8274.csv,,,,,,17.90,15.12,22.08,11.41,
4062,イビデン,東P,20080.0,+100.0(+0.50%),8274.csv / 8275.csv,,"5,694,110",,12.20,,73.52,28.59,87.78,20.36,27.00
4064,日本カーバイド工業,東P,3370,-15.0(-0.44%),8271.csv,3.98,"31,744",,,,,,,,
4071,プラスアルファコンサルティング,東P,2194,-59.0(-2.62%),8274.csv,,,,,,17.01,14.50,155.22,18.57,
4072,電算システムＨＬＤＧ,東P,3050,+15.0(+0.49%),8271.csv,3.28,"32,942",,,,,,,,
4078,堺化学工業,東P,3945,-20.0(-0.50%),8271.csv,4.06,"69,112",,,,,,,,
4091,日本酸素ＨＤ,東P,5594.0,-59.0(-1.04%),8275.csv,,"2,422,721",,11.30,,,,16.21,5.37,21.69
4092,日本化学工業,東P,5430,+110.0(+2.07%),8271.csv,4.42,"48,451",,,,,,,,
4109,ステラ　ケミファ,東P,5460,+0.0(+0.00%),8271.csv,3.30,"70,834",,,,,,,,
4114,日本触媒,東P,2647.5,+8.5(+0.32%),8271.csv,4.96,"397,125",,,,,,,,
4118,カネカ,東P,6135.0,+10.0(+0.16%),8271.csv,3.21,"386,505",,,,,,,,
4125,三和油化工業,東S,3880,+60.0(+1.57%),8274.csv,,,,,,11.91,23.97,22.57,25.14,
414A,オーバーラップＨＬＤＧ,東G,902,+0.0(+0.00%),8271.csv,4.88,"18,106",,,,,,,,
4165,プレイド,東G,687,-1.0(-0.15%),8274.csv,,,,,,24.19,54.02,23.91,37.00,
4176,ココナラ,東G,289,+3.0(+1.05%),8274.csv,,,,,,17.95,12.64,111.45,26.84,
417A,ブルーゾーン　ＨＬＤＧ,東P,1870.5,+1.5(+0.08%),8275.csv,,"391,815",,12.40,,,,6.76,11.48,9.65
4180,Ａｐｐｉｅｒ　Ｇｒｏｕｐ,東P,1274,-8.0(-0.62%),8274.csv,,,,,,36.41,24.46,52.54,26.42,
4183,三井化学,東P,2124.0,+1.0(+0.05%),8271.csv,3.57,"853,184",,,,,,,,
4186,東京応化工業,東P,8730.0,+1.0(+0.01%),8274.csv / 8275.csv,,"1,115,694",,15.60,,26.01,20.01,26.50,18.97,42.60
4189,ＫＨネオケム,東P,3440,-30.0(-0.86%),8271.csv,3.88,"127,794",,,,,,,,
4193,ファブリカＨＬＤＧ,東S,2125,+5.0(+0.24%),8274.csv,,,,,,11.99,11.55,16.16,13.15,
4194,ビジョナル,東P,9234.0,-143.0(-1.53%),8274.csv / 8275.csv,,"373,858",,26.70,,21.79,24.15,11.39,22.66,22.94
4202,ダイセル,東P,1458.5,-1.0(-0.07%),8271.csv,4.68,"373,584",,,,,,,,
4204,積水化学工業,東P,2617.0,-4.5(-0.17%),8271.csv,3.14,"1,061,213",,,,,,,,
4205,日本ゼオン,東P,2414.0,+8.0(+0.33%),8271.csv,3.28,"505,133",,,,,,,,
4206,アイカ工業,東P,4150.0,+36.0(+0.88%),8271.csv,3.52,"280,501",,,,,,,,
4208,ＵＢＥ,東P,3542.0,+12.0(+0.34%),8271.csv,4.07,"376,161",,,,,,,,
4221,大倉工業,東P,5660,+90.0(+1.62%),8271.csv / 8274.csv,3.89,"70,268",,,,12.30,17.13,10.45,11.81,
4235,ウルトラファブリックスＨＬＤＧ,東S,691,+1.0(+0.14%),8271.csv,5.07,"11,723",,,,,,,,
4246,ダイキョーニシカワ,東P,1128,+9.0(+0.80%),8271.csv / 8273.csv,5.05,"80,086",0.84,9.80,55.90,8.12,,,,
4251,恵和,東P,1192,+8.0(+0.68%),8271.csv,4.19,"22,988",,,,,,,,
4258,網屋,東G,4120,-75.0(-1.79%),8274.csv,,,,,,38.25,22.97,22.14,23.74,
4259,エクサウィザーズ,東G,754,+4.0(+0.53%),8274.csv,,,,,,46.26,34.63,46.87,28.30,
4263,サスメド,東G,569,+0.0(+0.00%),8274.csv,,,,,,12.11,342.47,431.38,117.98,
4264,セキュア,東G,1460,-14.0(-0.95%),8274.csv,,,,,,18.89,34.49,134.11,21.35,
4272,日本化薬,東P,2093.0,+25.0(+1.21%),8271.csv,3.15,"311,229",,,,,,,,
428A,サイプレス・ＨＬＤＧ,東S,1388,-11.0(-0.79%),8274.csv,,,,,,32.13,12.51,38.93,11.27,
4290,プレステージ・インターナショナ,東P,737,-3.0(-0.41%),8271.csv,3.84,"93,815",,,,,,,,
4293,セプテーニＨＬＤＧ,東S,513,+4.0(+0.79%),8271.csv,3.51,"108,453",,,,,,,,
4308,Ｊストリーム,東G,358,-4.0(-1.10%),8271.csv,3.91,"10,045",,,,,,,,
4331,テイクアンドギヴ・ニーズ,東P,738,+3.0(+0.41%),8271.csv,5.42,"10,789",,,,,,,,
4345,シーティーエス,東P,839,+0.0(+0.00%),8271.csv,3.58,"35,238",,,,,,,,
4347,ブロードメディア,東S,1695,+25.0(+1.50%),8271.csv,3.83,"12,712",,,,,,,,
4362,日本精化,東P,2738,+30.0(+1.11%),8271.csv,3.80,"65,226",,,,,,,,
4368,扶桑化学工業,東P,3030,-25.0(-0.82%),8274.csv,,,,,,16.01,17.30,32.34,13.94,
4369,トリケミカル研究所,東P,3190,-55.0(-1.69%),8274.csv,,,,,,17.55,23.02,15.35,24.66,
4373,シンプレクス・ＨＬＤＧ,東P,1181,+6.0(+0.51%),8274.csv,,,,,,20.82,20.22,21.59,22.01,
4375,セーフィー,東G,666,-14.0(-2.06%),8274.csv,,,,,,185.00,20.87,436.13,23.62,
4377,ワンキャリア,東G,2493,+18.0(+0.73%),8274.csv,,,,,,20.84,38.58,40.16,39.43,
4385,メルカリ,東P,4568.0,+112.0(+2.51%),8274.csv / 8275.csv,,"755,083",,30.00,,20.77,14.69,21.87,16.84,51.74
438A,インフキュリオン,東G,981,+13.0(+1.34%),8274.csv,,,,,,40.82,15.72,197.62,23.82,
4403,日油,東P,2785.0,+12.5(+0.45%),8275.csv,,"658,720",,14.10,,,,9.46,14.81,8.15
4413,ボードルア,東P,2968,-1.0(-0.03%),8274.csv,,,,,,29.53,37.12,32.63,43.21,
4417,グローバルセキュリティエキスパ,東G,4575,+25.0(+0.55%),8274.csv,,,,,,32.66,27.02,39.51,26.12,
4419,ＦｉｎａｔｅｘｔＨＬＤＧ,東G,1448,+90.0(+6.63%),8274.csv,,,,,,33.60,40.36,78.68,41.92,
4431,スマレジ,東G,3430,+15.0(+0.44%),8274.csv,,,,,,26.54,18.77,16.13,19.68,
4432,ウイングアーク１ｓｔ,東P,3340,+30.0(+0.91%),8271.csv,3.25,"117,062",,,,,,,,
4433,ヒト・コミュニケーションズＨＤ,東P,909,+0.0(+0.00%),8271.csv,4.13,"16,270",,,,,,,,
4434,サーバーワークス,東S,2456,+56.0(+2.33%),8274.csv,,,,,,17.13,27.98,121.93,19.73,
4443,Ｓａｎｓａｎ,東P,2103,-50.0(-2.32%),8274.csv,,,,,,28.92,19.24,62.47,21.81,
4465,ニイタカ,東S,2446,+9.0(+0.37%),8271.csv,3.27,"14,537",,,,,,,,
446A,ノースサンド,東G,1975,+17.0(+0.87%),8274.csv,,,,,,21.11,50.31,62.16,54.84,
4477,ＢＡＳＥ,東G,312,+1.0(+0.32%),8274.csv,,,,,,18.14,33.15,47.81,31.42,
4478,フリー,東G,3815,-60.0(-1.55%),8274.csv,,,,,,78.94,20.37,385.66,23.91,
4480,メドレー,東P,2704,-35.0(-1.28%),8274.csv,,,,,,37.28,25.50,74.75,25.52,
4481,ベース,東P,3365,+95.0(+2.91%),8271.csv,5.53,"63,320",,,,,,,,
4483,ＪＭＤＣ,東P,3450,+25.0(+0.73%),8274.csv,,,,,,29.37,21.33,13.09,21.14,
4498,サイバートラスト,東G,1287,-21.0(-1.61%),8274.csv,,,,,,15.60,10.64,21.91,11.49,
4502,武田薬品工業,東P,5860.0,+47.0(+0.81%),8271.csv,3.49,"9,388,347",,,,,,,,
4516,日本新薬,東P,3607.0,+76.0(+2.15%),8271.csv / 8273.csv,3.58,"253,397",0.83,11.00,84.18,8.13,,,,
4519,中外製薬,東P,7051.0,+101.0(+1.45%),8275.csv,,"11,839,038",,22.10,,,,17.37,8.70,10.09
4521,科研製薬,東P,4015,+30.0(+0.75%),8271.csv,4.73,"177,221",,,,,,,,
4523,エーザイ,東P,4833.0,-28.0(-0.58%),8271.csv,3.31,"1,409,540",,,,,,,,
4526,理研ビタミン,東P,3435,+95.0(+2.84%),8271.csv,3.20,"105,472",,,,,,,,
4528,小野薬品工業,東P,2491.0,+32.0(+1.30%),8271.csv,3.21,"1,242,244",,,,,,,,
4540,ツムラ,東P,3804.0,+21.0(+0.56%),8271.csv,4.15,"291,989",,,,,,,,
4543,テルモ,東P,2572.0,-24.5(-0.94%),8274.csv,,,,,,21.12,11.43,36.89,10.33,
4544,Ｈ．Ｕ．グループＨＬＤＧ,東P,3659.0,-31.0(-0.84%),8271.csv,3.42,"210,372",,,,,,,,
4547,キッセイ薬品工業,東P,4110,+35.0(+0.86%),8271.csv,3.94,"191,288",,,,,,,,
4552,ＪＣＲファーマ,東P,535,+15.0(+2.88%),8271.csv,3.74,"69,382",,,,,,,,
4554,富士製薬工業,東P,1844,-1.0(-0.05%),8274.csv,,,,,,24.38,16.77,39.25,14.36,
4559,ゼリア新薬工業,東P,2069,-1.0(-0.05%),8273.csv,,"103,697",0.84,8.50,60.32,9.50,,,,
4565,ネクセラファーマ,東P,1116,+8.0(+0.72%),8274.csv,,,,,,19.80,35.55,140.52,17.99,
4568,第一三共,東P,2900.0,+70.5(+2.49%),8271.csv / 8274.csv,3.40,"5,402,390",,,,18.50,10.86,37.13,11.70,
4577,ダイト,東P,1375,+14.0(+1.03%),8271.csv,3.27,"39,675",,,,,,,,
4595,ミズホメディー,東S,1733,-1.0(-0.06%),8271.csv,5.77,"33,016",,,,,,,,
4612,日本ペイントＨＬＤＧ,東P,1194.5,+0.5(+0.04%),8275.csv,,"2,831,577",,10.60,,,,7.68,11.46,38.04
4613,関西ペイント,東P,2891.0,-1.5(-0.05%),8271.csv,3.83,"514,529",,,,,,,,
4617,中国塗料,東P,3610,+50.0(+1.40%),8271.csv,3.08,"198,550",,,,,,,,
4626,太陽ＨＬＤＧ,東P,4750.0,-4.0(-0.08%),8271.csv,3.84,"554,988",,,,,,,,
4631,ＤＩＣ,東P,5065.0,-30.0(-0.59%),8271.csv,3.22,"481,970",,,,,,,,
4633,サカタインクス,東P,2695,+36.0(+1.35%),8271.csv,3.71,"134,750",,,,,,,,
464A,ＱＰＳＨＬＤＧ,東G,1836,+51.0(+2.86%),8274.csv,,,,,,20.99,171.36,367.32,96.20,
4662,フォーカスシステムズ,東P,1681,-19.0(-1.12%),8271.csv,4.05,"27,388",,,,,,,,
4666,パーク２４,東P,2027.0,+6.5(+0.32%),8271.csv,3.25,"346,715",,,,,,,,
4668,明光ネットワークジャパン,東P,796,+4.0(+0.51%),8271.csv,3.64,"20,540",,,,,,,,
4676,フジ・メディアＨＬＤＧ,東P,4147.0,-26.0(-0.62%),8271.csv,4.82,"701,353",,,,,,,,
4680,ラウンドワン,東P,1352.0,+4.5(+0.33%),8274.csv / 8275.csv,,"390,947",,22.20,,18.24,14.87,13.12,10.89,10.48
4684,オービック,東P,4774.0,-2.0(-0.04%),8274.csv / 8275.csv,,"2,348,808",,15.80,,24.66,11.47,11.37,11.49,16.72
4687,ＴＤＣソフト,東P,1039,+12.0(+1.17%),8271.csv,3.27,"51,459",,,,,,,,
4694,ビー・エム・エル,東P,3675,+20.0(+0.55%),8271.csv,3.40,"149,754",,,,,,,,
4704,トレンドマイクロ,東P,5569.0,+15.0(+0.27%),8271.csv,3.44,"784,681",,,,,,,,
4714,リソー教育グループ,東P,208,+0.0(+0.00%),8271.csv,4.81,"35,736",,,,,,,,
4719,アルファシステムズ,東P,3380,+5.0(+0.15%),8271.csv,4.14,"47,497",,,,,,,,
471A,ＮＳグループ,東P,1612,-2.0(-0.12%),8271.csv / 8274.csv,4.94,"84,075",,,,10.42,10.61,26.71,11.90,
4732,ユー・エス・エス,東P,1997.0,+21.0(+1.06%),8275.csv,,"946,578",,20.10,,,,7.11,8.96,10.40
4733,オービックビジネスコンサルタン,東P,8310.0,-80.0(-0.95%),8274.csv,,,,,,31.00,13.96,15.65,11.66,
4743,アイティフォー,東P,1670,-14.0(-0.83%),8271.csv / 8274.csv,4.79,"46,613",,,,13.81,14.28,14.70,13.34,
4751,サイバーエージェント,東P,1340.0,-3.5(-0.26%),8275.csv,,"679,521",,18.90,,,,17.56,8.81,72.98
4763,クリーク・アンド・リバー社,東P,1534,+7.0(+0.46%),8271.csv,3.39,"35,296",,,,,,,,
4776,サイボウズ,東P,2913,-107.0(-3.54%),8274.csv,,,,,,16.49,14.61,16.22,20.24,
4783,ＮＣＤ,東S,2643,+23.0(+0.88%),8271.csv,4.54,"21,514",,,,,,,,
4784,ＧＭＯインターネット,東P,571,+2.0(+0.35%),8271.csv,3.85,"173,983",,,,,,,,
4812,電通総研,東P,2711,-15.0(-0.55%),8275.csv,,"530,129",,17.10,,,,11.96,9.35,11.97
4819,デジタルガレージ,東P,2242,-65.0(-2.82%),8274.csv,,,,,,39.90,21.68,75.56,15.36,
4820,イーエムシステムズ,東P,596,-1.0(-0.17%),8271.csv,3.86,"42,027",,,,,,,,
4848,フルキャストＨＬＤＧ,東P,1872,-5.0(-0.27%),8271.csv / 8274.csv,3.42,"65,923",,,,11.95,40.57,14.04,25.84,
4849,エン,東P,1682,+11.0(+0.66%),8271.csv,4.87,"83,622",,,,,,,,
4886,あすか製薬ＨＬＤＧ,東P,2146,+10.0(+0.47%),8271.csv,3.03,"61,726",,,,,,,,
4887,サワイグループＨＬＤＧ,東P,1622.5,+5.5(+0.34%),8271.csv,3.45,"187,700",,,,,,,,
4927,ポーラ・オルビスＨＬＤＧ,東P,1392.5,-7.5(-0.54%),8271.csv,3.73,"319,072",,,,,,,,
4928,ノエビアＨＬＤＧ,東P,4910,+35.0(+0.72%),8271.csv,4.79,"167,709",,,,,,,,
4970,東洋合成工業,東S,12020,+170.0(+1.43%),8274.csv,,,,,,23.77,15.34,59.08,11.87,
4971,メック,東P,6710,-20.0(-0.30%),8274.csv,,,,,,20.91,22.80,39.73,18.77,
4975,ＪＣＵ,東P,5460,+50.0(+0.92%),8271.csv,3.30,"143,156",,,,,,,,
4977,新田ゼラチン,東S,1219,+4.0(+0.33%),8271.csv,3.28,"22,398",,,,,,,,
4996,クミアイ化学工業,東P,783,+1.0(+0.13%),8271.csv,3.07,"104,284",,,,,,,,
5011,ニチレキグループ,東P,2300,-24.0(-1.03%),8271.csv,3.70,"72,878",,,,,,,,
5016,ＪＸ金属,東P,3850.0,+30.0(+0.79%),8274.csv,,,,,,22.02,14.96,46.07,19.27,
5019,出光興産,東P,1357.5,-21.0(-1.52%),8271.csv,3.00,"1,660,518",,,,,,,,
5021,コスモエネルギーＨＬＤＧ,東P,4192.0,-29.0(-0.69%),8271.csv,4.03,"691,855",,,,,,,,
5027,ＡｎｙＭｉｎｄ　Ｇｒｏｕｐ,東G,777,-7.0(-0.89%),8274.csv,,,,,,20.13,40.79,100.07,26.12,
5034,ｕｎｅｒｒｙ,東G,2165,+27.0(+1.26%),8274.csv,,,,,,20.27,34.19,58.73,32.81,
5036,日本ビジネスシステムズ,東P,1595,+13.0(+0.82%),8271.csv / 8274.csv,3.13,"77,144",,,,10.26,25.45,22.08,23.98,
5038,ｅＷｅＬＬ,東G,2153,+34.0(+1.60%),8274.csv,,,,,,24.42,23.04,24.19,27.40,
5076,インフロニア・ＨＬＤＧ,東P,2800.0,+31.0(+1.12%),8271.csv,3.56,"825,566",,,,,,,,
5101,横浜ゴム,東P,7515.0,+48.0(+0.64%),8275.csv,,"1,250,469",,11.00,,,,24.24,10.06,36.26
5105,ＴＯＹＯ　ＴＩＲＥ,東P,3842.0,+18.0(+0.47%),8271.csv,3.72,"592,094",,,,,,,,
5108,ブリヂストン,東P,4127.0,-7.0(-0.17%),8271.csv,3.20,"5,505,571",,,,,,,,
5110,住友ゴム工業,東P,2302.5,+12.0(+0.52%),8271.csv,3.96,"605,657",,,,,,,,
5121,藤倉コンポジット,東P,2627,-26.0(-0.98%),8271.csv,3.27,"52,737",,,,,,,,
5136,ｔｒｉｐｌａ,東G,1905,-21.0(-1.09%),8274.csv,,,,,,17.95,35.61,69.81,36.71,
5137,スマートドライブ,東G,292,+7.0(+2.46%),8274.csv,,,,,,14.82,44.16,32.43,38.19,
5192,三ツ星ベルト,東P,4425,+45.0(+1.03%),8271.csv,4.42,"137,636",,,,,,,,
5195,バンドー化学,東P,2487,+30.0(+1.22%),8271.csv,4.22,"109,959",,,,,,,,
5201,ＡＧＣ,東P,5739.0,+24.0(+0.42%),8271.csv,3.66,"1,247,858",,,,,,,,
5208,有沢製作所,東P,2588,+44.0(+1.73%),8271.csv / 8274.csv,4.64,"86,967",,,,17.31,15.10,13.69,14.23,
5214,日本電気硝子,東P,4730.0,-38.0(-0.80%),8271.csv,3.37,"423,445",,,,,,,,
5254,Ａｒｅｎｔ,東G,4035,-25.0(-0.62%),8274.csv,,,,,,17.35,43.97,15.21,40.47,
5288,アジアパイルＨＬＤＧ,東P,1566,+4.0(+0.26%),8271.csv,4.47,"59,649",,,,,,,,
5290,ベルテクスコーポレーション,東S,1182,-7.0(-0.59%),8271.csv / 8274.csv,3.38,"64,900",,,,11.01,17.26,11.83,18.39,
5302,日本カーボン,東P,4880,-25.0(-0.51%),8271.csv,4.10,"57,743",,,,,,,,
5344,ＭＡＲＵＷＡ,東P,54150.0,+240.0(+0.45%),8274.csv,,,,,,26.37,23.10,33.63,12.96,
5384,フジミインコーポレーテッド,東P,3600,-30.0(-0.83%),8274.csv,,,,,,23.26,12.74,13.97,11.89,
5401,日本製鉄,東P,677.0,+4.8(+0.71%),8271.csv / 8274.csv,3.64,"3,637,950",,,,12.25,13.38,159.51,14.55,
5406,神戸製鋼所,東P,2032.5,+7.5(+0.37%),8271.csv,3.85,"805,573",,,,,,,,
5411,ＪＦＥＨＬＤＧ,東P,1842.5,+8.5(+0.46%),8271.csv,4.34,"1,178,165",,,,,,,,
5440,共英製鋼,東P,2043,+18.0(+0.89%),8271.csv,3.10,"91,728",,,,,,,,
5444,大和工業,東P,12390.0,-50.0(-0.40%),8271.csv,3.20,"768,180",,,,,,,,
5463,丸一鋼管,東P,1752.5,-1.0(-0.06%),8271.csv,3.02,"441,630",,,,,,,,
547A,ムニノバＨＬＤＧ,東P,458,+3.0(+0.66%),8271.csv / 8275.csv,3.89,"221,956",,11.80,,,,21.70,11.52,32.54
5480,日本冶金工業,東P,5490,+50.0(+0.92%),8271.csv,4.01,"85,080",,,,,,,,
5482,愛知製鋼,東P,3225,+20.0(+0.62%),8271.csv,4.65,"208,080",,,,,,,,
5537,ＡｌｂａＬｉｎｋ,東G,3435,+405.0(+13.37%),8274.csv,,,,,,19.94,45.89,40.14,48.21,
556A,犬猫生活,東G,2241,-23.0(-1.02%),8274.csv,,,,,,12.36,24.59,30.00,38.92,
5572,Ｒｉｄｇｅ−ｉ,東G,2885,+127.0(+4.60%),8274.csv,,,,,,35.57,11.83,72.41,64.48,
5574,ＡＢＥＪＡ,東G,2833,+93.0(+3.39%),8274.csv,,,,,,62.40,24.90,27.72,27.23,
5582,グリッド,東G,1932,-20.0(-1.02%),8274.csv,,,,,,20.55,28.24,50.21,39.23,
5590,ネットスターズ,東G,690,-6.0(-0.86%),8274.csv,,,,,,23.23,20.09,60.27,21.39,
5591,ＡＶＩＬＥＮ,東G,850,-10.0(-1.16%),8274.csv,,,,,,14.05,30.94,118.39,32.82,
5592,くすりの窓口,東G,2723,+15.0(+0.55%),8274.csv,,,,,,10.07,16.79,16.28,13.39,
5599,Ｓ＆Ｊ,東G,992,+5.0(+0.51%),8274.csv,,,,,,12.64,18.27,16.04,19.19,
5602,栗本鐵工所,東P,1738,+7.0(+0.40%),8271.csv,3.45,"111,219",,,,,,,,
5621,ヒューマンテクノロジーズ,東G,1602,-40.0(-2.44%),8274.csv,,,,,,12.27,13.94,12.80,18.77,
5631,日本製鋼所,東P,7646.0,-28.0(-0.36%),8274.csv,,,,,,25.67,13.94,12.47,12.25,
5714,ＤＯＷＡ　ＨＬＤＧ,東P,10450.0,+355.0(+3.52%),8271.csv / 8274.csv / 8275.csv,3.25,"647,787",,14.60,,10.57,25.18,49.99,17.25,24.60
5741,ＵＡＣＪ,東P,2421,+60.0(+2.54%),8274.csv,,,,,,10.19,15.94,11.57,17.12,
5801,古河電気工業,東P,3905.0,-95.0(-2.38%),8274.csv / 8275.csv,,"2,759,543",,19.10,,28.03,14.40,75.79,11.57,56.18
5802,住友電気工業,東P,2211.5,+12.0(+0.55%),8275.csv,,"7,023,198",,14.70,,,,10.83,7.26,39.35
5803,フジクラ,東P,5305.0,+13.0(+0.25%),8274.csv / 8275.csv,,"9,417,335",,32.50,,34.34,31.82,79.44,26.15,45.35
5805,ＳＷＣＣ,東P,14490,+280.0(+1.97%),8274.csv / 8275.csv,,"446,681",,20.70,,21.01,19.03,19.05,17.89,131.81
581A,ＧＯ,東G,3835,-40.0(-1.03%),8274.csv,,,,,,27.21,19.61,110.31,25.58,
5821,平河ヒューテック,東P,3160,-15.0(-0.47%),8274.csv,,,,,,11.98,30.13,12.09,27.41,
5845,全保連,東S,1241,-8.0(-0.64%),8271.csv,3.87,"33,079",,,,,,,,
5851,リョービ,東P,2786,+7.0(+0.25%),8271.csv,3.73,"88,621",,,,,,,,
5852,アーレスティ,東P,686,+4.0(+0.59%),8271.csv,7.29,"17,525",,,,,,,,
5857,ＡＲＥＨＬＤＧ,東P,4050,+40.0(+1.00%),8271.csv / 8275.csv,3.00,"351,757",,11.30,,,,44.84,29.34,64.84
5889,Ｊａｐａｎ　Ｅｙｅｗｅａｒ　Ｈ,東P,2600,+13.0(+0.50%),8271.csv / 8274.csv,3.31,"63,036",,,,13.11,15.34,24.49,13.58,
5892,ｙｕｔｏｒｉ,東G,2419,-1.0(-0.04%),8274.csv,,,,,,15.45,29.96,33.00,49.24,
590A,ギフティグループ,東P,1279,-40.0(-3.03%),8274.csv,,,,,,18.54,19.46,41.62,33.01,
5911,横河ブリッジＨＬＤＧ,東P,3010,+19.0(+0.64%),8271.csv,4.32,"129,926",,,,,,,,
5929,三和ＨＬＤＧ,東P,3638.0,-8.0(-0.22%),8271.csv,3.90,"796,722",,,,,,,,
5938,ＬＩＸＩＬ,東P,1767.5,-3.5(-0.20%),8271.csv,5.09,"508,447",,,,,,,,
5943,ノーリツ,東P,2449,+15.0(+0.62%),8271.csv,3.84,"118,911",,,,,,,,
5947,リンナイ,東P,3584.0,+13.0(+0.36%),8271.csv,3.04,"505,798",,,,,,,,
5949,ユニプレス,東P,1346,-2.0(-0.15%),8271.csv,5.08,"60,577",,,,,,,,
5957,日東精工,東P,774,+4.0(+0.52%),8271.csv,3.10,"30,948",,,,,,,,
5970,ジーテクト,東P,2340,+2.0(+0.09%),8271.csv,4.19,"102,799",,,,,,,,
5975,東プレ,東P,3195,+35.0(+1.11%),8271.csv / 8273.csv,3.44,"172,600",0.65,8.00,62.52,8.87,,,,
5981,東京製綱,東P,1973,+48.0(+2.49%),8271.csv,3.55,"32,097",,,,,,,,
5988,パイオラックス,東P,1733,+15.0(+0.87%),8271.csv,5.31,"64,215",,,,,,,,
6013,タクマ,東P,3065,-5.0(-0.16%),8271.csv / 8274.csv,3.46,"231,987",,,,14.42,14.12,17.45,11.82,
6027,弁護士ドットコム,東P,5050,+705.0(+16.23%),8274.csv,,,,,,55.99,26.44,42.88,20.98,
6036,ＫｅｅＰｅｒ技研,東P,3240,-45.0(-1.37%),8271.csv,3.09,"91,630",,,,,,,,
6039,日本動物高度医療センター,東G,1045,-8.0(-0.76%),8274.csv,,,,,,13.93,10.13,16.46,13.68,
6047,Ｇｕｎｏｓｙ,東S,425,+5.0(+1.19%),8271.csv,3.06,"10,301",,,,,,,,
6062,チャーム・ケア,東P,1412,+17.0(+1.22%),8271.csv,3.19,"46,189",,,,,,,,
6069,トレンダーズ,東G,697,-3.0(-0.43%),8274.csv,,,,,,10.82,14.76,13.26,23.87,
6071,ＩＢＪ,東P,923,-10.0(-1.07%),8274.csv,,,,,,12.85,42.86,24.98,27.46,
6080,Ｍ＆Ａキャピタルパートナーズ,東P,4235,+0.0(+0.00%),8274.csv,,,,,,17.73,22.21,43.00,19.64,
6088,シグマクシス・ＨＬＤＧ,東P,555,-6.0(-1.07%),8271.csv,4.68,"47,730",,,,,,,,
6104,芝浦機械,東P,4390,+5.0(+0.11%),8271.csv,3.19,"108,962",,,,,,,,
6113,アマダ,東P,2570.0,-16.0(-0.62%),8274.csv,,,,,,20.00,11.35,26.11,10.80,
6134,ＦＵＪＩ,東P,7275.0,+56.0(+0.78%),8274.csv,,,,,,17.20,29.84,99.35,35.69,
6135,牧野フライス製作所,東P,15340,+10.0(+0.07%),8274.csv,,,,,,13.18,13.02,31.32,12.27,
6137,小池酸素工業,東S,1491,+15.0(+1.02%),8271.csv,3.35,"33,718",,,,,,,,
6141,ＤＭＧ森精機,東P,3030.0,-7.0(-0.23%),8271.csv,3.48,"431,247",,,,,,,,
6143,ソディック,東P,1781,+97.0(+5.76%),8274.csv,,,,,,14.37,18.31,81.36,13.75,
6146,ディスコ,東P,60610.0,-90.0(-0.15%),8274.csv / 8275.csv,,"6,576,585",,25.10,,35.88,27.23,35.40,18.88,9.47
6176,ブランジスタ,東S,1007,+2.0(+0.20%),8271.csv,6.45,"14,677",,,,,,,,
6183,ベルシステム２４ＨＬＤＧ,東P,1433,-9.0(-0.62%),8271.csv,4.19,"106,791",,,,,,,,
6184,鎌倉新書,東P,602,+1.0(+0.17%),8271.csv / 8274.csv,3.32,"24,799",,,,22.55,20.57,45.49,19.30,
6194,アトラエ,東P,893,+2.0(+0.22%),8271.csv,3.75,"19,928",,,,,,,,
6196,ストライクグループ,東P,1366,+6.0(+0.44%),8271.csv / 8274.csv,4.67,"78,694",,,,15.47,13.82,17.55,12.90,
6200,インソース,東P,739,+3.0(+0.41%),8271.csv,4.28,"62,995",,,,,,,,
6223,西部技研,東S,1949,-12.0(-0.61%),8271.csv,3.59,"39,954",,,,,,,,
6226,守谷輸送機工業,東S,2217,-64.0(-2.81%),8274.csv,,,,,,16.73,10.58,12.36,15.85,
6231,木村工機,東S,13370,+130.0(+0.98%),8274.csv,,,,,,12.09,12.71,16.18,12.21,
6240,ヤマシンフィルタ,東P,542,+9.0(+1.69%),8271.csv,3.69,"37,907",,,,,,,,
6245,ヒラノテクシード,東S,1836,+24.0(+1.32%),8271.csv,4.58,"28,264",,,,,,,,
6247,日阪製作所,東P,1810,+31.0(+1.74%),8271.csv,3.09,"52,006",,,,,,,,
6262,ＰＥＧＡＳＵＳ,東S,547,+2.0(+0.37%),8271.csv,5.48,"13,581",,,,,,,,
6272,レオン自動機,東P,1561,+6.0(+0.39%),8271.csv,3.65,"44,320",,,,,,,,
6273,ＳＭＣ,東P,71520.0,-570.0(-0.79%),8274.csv,,,,,,22.26,23.64,22.70,14.68,
6278,ユニオンツール,東P,14440,-40.0(-0.28%),8274.csv,,,,,,22.74,39.42,122.47,31.05,
6284,日精エー・エス・ビー機械,東P,8840,+30.0(+0.34%),8274.csv,,,,,,13.89,16.89,26.47,17.79,
6294,オカダアイヨン,東P,1980,+9.0(+0.46%),8271.csv,3.84,"16,590",,,,,,,,
6305,日立建機,東P,5843.0,-93.0(-1.57%),8271.csv,3.26,"1,256,917",,,,,,,,
6306,日工,東P,1041,+8.0(+0.77%),8271.csv,4.03,"41,640",,,,,,,,
6309,巴工業,東P,2055,+34.0(+1.68%),8271.csv,3.70,"61,546",,,,,,,,
6315,ＴＯＷＡ,東P,2315,-22.0(-0.94%),8274.csv,,,,,,19.95,25.29,79.11,12.86,
6323,ローツェ,東P,4072.0,+13.0(+0.32%),8274.csv,,,,,,23.52,30.26,31.74,16.13,
6324,ハーモニック・ドライブ・システ,東P,5760,-20.0(-0.35%),8274.csv,,,,,,91.66,24.56,247.30,15.46,
6327,北川精機,東S,3200,-110.0(-3.32%),8274.csv,,,,,,24.88,51.34,45.49,26.72,
6331,三菱化工機,東P,3265,+40.0(+1.24%),8271.csv,3.52,"77,517",,,,,,,,
6332,月島ＨＬＤＧ,東P,2786,-17.0(-0.61%),8271.csv,3.19,"111,790",,,,,,,,
6333,ＴＥＩＫＯＫＵ,東P,3430,+55.0(+1.63%),8271.csv,3.85,"54,126",,,,,,,,
6337,テセック,東S,3175,-100.0(-3.05%),8271.csv / 8274.csv,3.15,"17,712",,,,14.14,32.93,157.09,12.07,
6345,アイチ,東P,1445,-13.0(-0.89%),8271.csv,4.50,"93,304",,,,,,,,
6349,小森コーポレーション,東P,2036,+34.0(+1.70%),8271.csv,3.68,"108,883",,,,,,,,
6357,三精テクノロジーズ,東S,2739,+114.0(+4.34%),8271.csv / 8273.csv,3.47,"52,951",0.97,10.60,52.74,9.40,,,,
6358,酒井重工業,東P,2160,-11.0(-0.51%),8271.csv,5.09,"19,300",,,,,,,,
6361,荏原製作所,東P,4959.0,+28.0(+0.57%),8275.csv,,"2,268,456",,15.60,,,,28.03,10.09,11.14
6368,オルガノ,東P,13415.0,+30.0(+0.22%),8275.csv,,"621,915",,21.50,,,,9.56,11.32,20.52
6369,トーヨーカネツ,東P,2512,+40.0(+1.62%),8271.csv,4.18,"40,308",,,,,,,,
6381,アネスト岩田,東P,1981,+20.0(+1.02%),8271.csv,4.69,"82,698",,,,,,,,
6383,ダイフク,東P,5853.0,-8.0(-0.14%),8274.csv / 8275.csv,,"2,223,146",,18.40,,24.62,10.27,13.74,13.74,40.47
6387,サムコ,東P,8530,-350.0(-3.94%),8274.csv,,,,,,36.07,15.60,13.78,14.74,
6395,タダノ,東P,1372,+1.0(+0.07%),8274.csv,,,,,,11.78,14.54,51.36,17.19,
6407,ＣＫＤ,東P,5560,+10.0(+0.18%),8274.csv,,,,,,18.47,24.08,53.43,12.20,
6412,平和,東P,2250,+9.0(+0.40%),8271.csv / 8274.csv,3.56,"224,570",,,,10.83,11.11,12.15,40.22,
6417,ＳＡＮＫＹＯ,東P,1986.5,+16.0(+0.81%),8271.csv,4.44,"456,895",,,,,,,,
6432,竹内製作所,東P,7570,+20.0(+0.26%),8271.csv,3.04,"370,922",,,,,,,,
6436,アマノ,東P,3958.0,+15.0(+0.38%),8271.csv,4.59,"281,438",,,,,,,,
6455,モリタＨＬＤＧ,東P,2511,+24.0(+0.97%),8271.csv,3.19,"114,046",,,,,,,,
6458,新晃工業,東P,1271,+12.0(+0.95%),8271.csv,3.93,"92,202",,,,,,,,
6463,ＴＰＲ,東P,1560,+8.0(+0.52%),8271.csv,4.10,"103,807",,,,,,,,
6469,放電精密加工研究所,東S,2945,-54.0(-1.80%),8274.csv,,,,,,36.13,17.03,30.06,13.96,
6471,日本精工,東P,1108.0,+0.0(+0.00%),8271.csv / 8274.csv,3.19,"554,000",,,,17.46,13.84,30.76,14.14,
6472,ＮＴＮ,東P,372.6,-0.3(-0.08%),8271.csv,3.35,"222,641",,,,,,,,
6473,ジェイテクト,東P,2058.0,+5.5(+0.27%),8271.csv,3.34,"655,695",,,,,,,,
6480,日本トムソン,東P,1773,-24.0(-1.34%),8274.csv,,,,,,12.50,27.08,149.90,21.36,
6490,ＰＩＬＬＡＲ,東P,10000,-300.0(-2.91%),8274.csv,,,,,,15.77,30.69,67.62,15.78,
6498,キッツ,東P,1969,+27.0(+1.39%),8271.csv,3.20,"172,417",,,,,,,,
6501,日立製作所,東P,5307.0,+7.0(+0.13%),8275.csv,,"24,070,222",,12.90,,,,10.32,9.02,32.24
6504,富士電機,東P,13965.0,-45.0(-0.32%),8275.csv,,"2,084,933",,13.10,,,,9.04,7.56,17.30
6505,東洋電機製造,東S,2426,-18.0(-0.74%),8271.csv,5.11,"23,617",,,,,,,,
6507,シンフォニア　テクノロジー,東P,12300,+30.0(+0.24%),8274.csv,,,,,,21.60,12.73,20.32,10.13,
6508,明電舎,東P,11750,+170.0(+1.47%),8274.csv,,,,,,22.05,11.89,26.50,10.10,
6516,山洋電気,東P,5440,-10.0(-0.18%),8271.csv / 8274.csv,3.22,"211,706",,,,15.76,25.22,56.21,17.21,
6524,湖北工業,東S,5080,+80.0(+1.60%),8274.csv,,,,,,33.02,21.03,36.90,15.18,
6525,ＫＯＫＵＳＡＩ　ＥＬＥＣＴＲＩ,東P,8466.0,-23.0(-0.27%),8274.csv,,,,,,38.35,41.86,82.58,18.14,
6526,ソシオネクスト,東P,2004.0,+42.0(+2.14%),8274.csv,,,,,,25.87,16.11,50.64,11.21,
6532,ベイカレント,東P,7771.0,-39.0(-0.50%),8274.csv / 8275.csv,,"1,167,416",,35.80,,24.31,29.93,28.03,28.87,19.84
6544,ジャパンエレベーターサービスＨ,東P,1567.0,-15.5(-0.98%),8274.csv / 8275.csv,,"280,155",,32.90,,31.81,15.49,23.82,16.08,27.67
6562,ジーニー,東G,893,-12.0(-1.33%),8271.csv,7.39,"16,124",,,,,,,,
6564,ミダックＨＬＤＧ,東P,2162,+112.0(+5.46%),8274.csv,,,,,,17.24,15.96,17.55,12.23,
6570,共和コーポレーション,東S,3770,-460.0(-10.87%),8274.csv,,,,,,12.52,44.72,70.59,34.01,
6571,キュービーネットＨＬＤＧ,東P,1310,+5.0(+0.38%),8271.csv,3.51,"17,737",,,,,,,,
6584,三櫻工業,東P,790,-10.0(-1.25%),8271.csv,3.67,"29,318",,,,,,,,
6590,芝浦メカトロニクス,東P,3965,-130.0(-3.17%),8274.csv / 8275.csv,,"276,993",,21.70,,17.24,23.55,37.83,15.94,6.60
6592,マブチモーター,東P,1752.5,-19.0(-1.07%),8271.csv,3.01,"456,789",,,,,,,,
6597,ＨＰＣシステムズ,東G,3335,-100.0(-2.91%),8274.csv,,,,,,20.47,31.54,31.39,21.33,
6613,ＱＤレーザ,東G,2373,-79.0(-3.22%),8274.csv,,,,,,220.74,33.30,101.31,18.24,
6622,ダイヘン,東P,13140,+210.0(+1.62%),8274.csv,,,,,,16.83,20.08,38.81,12.30,
6627,テラプローブ,東S,10930,+180.0(+1.67%),8274.csv,,,,,,15.78,48.52,92.00,29.26,
6644,大崎電気工業,東P,1550,+20.0(+1.31%),8271.csv,3.16,"72,722",,,,,,,,
6645,オムロン,東P,6455.0,-21.0(-0.32%),8274.csv,,,,,,28.51,15.22,53.17,11.17,
6648,かわでん,東S,1703,-43.0(-2.46%),8271.csv,3.99,"35,695",,,,,,,,
6651,日東工業,東P,4390,+30.0(+0.69%),8271.csv,3.58,"177,611",,,,,,,,
6652,ＩＤＥＣ,東P,3575,-35.0(-0.97%),8271.csv / 8274.csv,3.64,"112,164",,,,17.46,19.64,52.99,13.83,
6653,正興電機製作所,東P,2177,-1.0(-0.05%),8274.csv,,,,,,10.92,17.91,24.76,12.76,
6675,サクサ,東S,2177,+20.0(+0.93%),8271.csv,5.74,"40,786",,,,,,,,
6677,エスケーエレクトロニクス,東S,3185,-30.0(-0.93%),8271.csv,4.77,"36,208",,,,,,,,
6701,日本電気,東P,4671.0,+21.0(+0.45%),8275.csv,,"6,372,407",,13.00,,,,9.78,5.00,66.06
6718,アイホン,東P,2881,+13.0(+0.45%),8271.csv,4.51,"50,821",,,,,,,,
6737,ＥＩＺＯ,東P,3060,+30.0(+0.99%),8271.csv,3.76,"129,532",,,,,,,,
6754,アンリツ,東P,3407.0,-26.0(-0.76%),8274.csv,,,,,,27.87,19.13,36.40,11.29,
6762,ＴＤＫ,東P,3031.0,-18.0(-0.59%),8274.csv,,,,,,23.99,12.24,20.29,12.92,
6777,ｓａｎｔｅｃ　ＨＬＤＧ,東S,18680,-870.0(-4.45%),8274.csv,,,,,,21.97,33.30,27.76,32.21,
6785,鈴木,東P,2918,+47.0(+1.64%),8271.csv,3.70,"42,032",,,,,,,,
6787,メイコー,東P,18590,+600.0(+3.34%),8274.csv / 8275.csv,,"498,274",,16.20,,17.46,34.53,37.52,25.10,41.17
6794,フォスター電機,東P,2950,-135.0(-4.38%),8271.csv,3.90,"73,750",,,,,,,,
6800,ヨコオ,東P,3770,-25.0(-0.66%),8274.csv,,,,,,15.70,11.56,40.56,10.12,
6804,ホシデン,東P,2698,-17.0(-0.63%),8271.csv / 8273.csv,3.09,"157,840",0.88,11.20,69.79,9.68,,,,
6806,ヒロセ電機,東P,25660.0,+55.0(+0.21%),8274.csv,,,,,,22.38,12.63,14.18,12.08,
6817,スミダコーポレーション,東P,1218,-12.0(-0.98%),8271.csv,4.35,"40,374",,,,,,,,
6834,精工技研,東S,25330,"-1,510.0(-5.63%)",8274.csv,,,,,,23.59,42.91,56.04,46.69,
6844,新電元工業,東P,3045,+0.0(+0.00%),8271.csv,3.28,"31,482",,,,,,,,
6855,日本電子材料,東S,6390,-230.0(-3.47%),8274.csv,,,,,,12.82,36.21,47.69,29.56,
6856,堀場製作所,東P,23590.0,+265.0(+1.14%),8274.csv / 8275.csv,,"996,282",,11.20,,20.31,15.59,33.89,10.14,8.08
6857,アドバンテスト,東P,35700.0,"+1,250.0(+3.63%)",8274.csv,,,,,,42.93,50.06,63.11,47.38,
6861,キーエンス,東P,81500.0,-750.0(-0.91%),8274.csv / 8275.csv,,"19,821,428",,13.50,,35.09,23.49,24.45,16.76,13.32
6863,ニレコ,東S,984,+10.0(+1.03%),8271.csv / 8274.csv,3.56,"21,697",,,,13.21,20.66,22.63,11.19,
6866,日置電機,東P,10750,-110.0(-1.01%),8274.csv,,,,,,19.96,27.18,57.61,14.57,
6871,日本マイクロニクス,東P,13540,-330.0(-2.38%),8274.csv,,,,,,26.07,47.88,86.37,36.57,
6882,三社電機製作所,東S,1191,+6.0(+0.51%),8271.csv,3.36,"17,805",,,,,,,,
6902,デンソー,東P,1919.0,-2.5(-0.13%),8271.csv,3.83,"5,586,171",,,,,,,,
6905,コーセル,東P,1304,-10.0(-0.76%),8271.csv,4.60,"53,707",,,,,,,,
6908,イリソ電子工業,東P,2777,-2.0(-0.07%),8271.csv,5.10,"67,928",,,,,,,,
6923,スタンレー電気,東P,3600.0,-10.0(-0.28%),8271.csv / 8274.csv,3.31,"453,600",,,,12.22,21.40,21.13,11.14,
6929,日本セラミック,東P,3730,+25.0(+0.67%),8271.csv,4.42,"101,573",,,,,,,,
6932,遠藤照明,東S,2559,+3.0(+0.12%),8271.csv / 8273.csv,3.63,"37,813",0.76,9.20,65.32,8.22,,,,
6941,山一電機,東P,7860,-90.0(-1.13%),8274.csv,,,,,,14.15,22.11,21.20,19.19,
6946,日本アビオニクス,東S,5750,-70.0(-1.20%),8274.csv,,,,,,16.67,19.89,34.38,31.89,
6958,日本シイエムケイ,東P,778,+28.0(+3.73%),8271.csv,3.60,"55,500",,,,,,,,
6961,エンプラス,東P,10030,-260.0(-2.53%),8274.csv,,,,,,16.18,16.44,19.10,14.07,
6962,大真空,東P,797,+5.0(+0.63%),8271.csv,3.51,"25,615",,,,,,,,
6995,東海理化電機製作所,東P,3115,+15.0(+0.48%),8271.csv,3.85,"277,964",,,,,,,,
6997,日本ケミコン,東P,2691,-7.0(-0.26%),8274.csv,,,,,,18.47,14.75,187.15,13.12,
7004,カナデビア,東P,1190,-14.0(-1.16%),8271.csv,3.11,"202,556",,,,,,,,
7011,三菱重工業,東P,3920.0,-26.0(-0.66%),8275.csv,,"13,224,700",,12.20,,,,25.99,5.39,26.74
7012,川崎重工業,東P,2575.0,-36.0(-1.38%),8275.csv,,"2,258,169",,13.70,,,,15.04,9.69,35.35
7013,ＩＨＩ,東P,2638.0,-58.0(-2.15%),8275.csv,,"2,856,321",,28.40,,,,28.93,6.43,33.94
7030,スプリックス,東S,976,-22.0(-2.20%),8271.csv,3.89,"17,547",,,,,,,,
7085,カーブスＨＬＤＧ,東P,970,-4.0(-0.41%),8271.csv,3.09,"91,042",,,,,,,,
7095,Ｍａｃｂｅｅ　Ｐｌａｎｅｔ,東P,1279,+7.0(+0.55%),8271.csv,4.57,"18,743",,,,,,,,
7148,ＦＰＧ,東P,1664,-9.0(-0.54%),8271.csv,6.01,"139,449",,,,,,,,
7164,全国保証,東P,3219.0,+23.0(+0.72%),8271.csv,3.76,"443,397",,,,,,,,
7172,ジャパンインベストメントアドバ,東P,2128,+35.0(+1.67%),8271.csv / 8274.csv,5.08,"132,154",,,,10.83,22.36,14.29,23.40,
7181,かんぽ生命保険,東P,1665.0,+1.5(+0.09%),8271.csv,3.39,"1,806,222",,,,,,,,
7187,ジェイリース,東P,1394,+2.0(+0.14%),8271.csv,4.30,"25,137",,,,,,,,
7189,西日本フィナンシャルＨＬＤＧ,東P,4745.0,+92.0(+1.98%),8274.csv,,,,,,13.12,10.02,31.33,17.59,
7191,イントラスト,東S,1180,+6.0(+0.51%),8271.csv / 8274.csv,4.41,"26,400",,,,13.53,17.23,14.41,16.70,
7198,ＳＢＩアルヒ,東P,847,+9.0(+1.07%),8271.csv,4.72,"37,871",,,,,,,,
7199,プレミアグループ,東P,2133,+14.0(+0.66%),8271.csv / 8274.csv,3.00,"86,915",,,,11.94,16.14,24.14,18.53,
7202,いすゞ自動車,東P,2237.0,+24.0(+1.08%),8271.csv,4.30,"1,540,738",,,,,,,,
7226,極東開発工業,東P,2352,+1.0(+0.04%),8271.csv,5.10,"94,433",,,,,,,,
7231,トピー工業,東P,3065,+20.0(+0.66%),8271.csv,4.40,"73,798",,,,,,,,
7239,タチエス,東P,2364,+10.0(+0.42%),8271.csv / 8273.csv,4.86,"83,314",0.77,9.20,61.56,9.00,,,,
7240,ＮＯＫ,東P,3029.0,+31.5(+1.05%),8271.csv,4.62,"487,375",,,,,,,,
7241,フタバ産業,東P,1125,+17.0(+1.53%),8271.csv,4.36,"100,778",,,,,,,,
7242,カヤバ,東P,4705,+0.0(+0.00%),8271.csv / 8273.csv,3.51,"191,017",0.86,12.20,50.59,7.90,,,,
7244,市光工業,東P,569,-1.0(-0.18%),8271.csv / 8273.csv,3.16,"54,901",0.69,8.30,61.02,9.93,,,,
7246,プレス工業,東P,997,+13.0(+1.32%),8271.csv,4.41,"97,772",,,,,,,,
7259,アイシン,東P,2252.5,+4.5(+0.20%),8271.csv,3.35,"1,635,369",,,,,,,,
7261,マツダ,東P,1203.5,+0.5(+0.04%),8271.csv,4.59,"760,376",,,,,,,,
7267,本田技研工業,東P,1674.5,-21.5(-1.27%),8271.csv,4.32,"7,590,508",,,,,,,,
7270,ＳＵＢＡＲＵ,東P,2625.5,+12.5(+0.48%),8271.csv,4.60,"1,883,364",,,,,,,,
7278,エクセディ,東P,6170,-30.0(-0.48%),8271.csv,5.67,"299,823",,,,,,,,
7282,豊田合成,東P,5412.0,+98.0(+1.84%),8271.csv,3.26,"636,528",,,,,,,,
7283,愛三工業,東P,2301,+13.0(+0.57%),8271.csv,3.80,"145,899",,,,,,,,
7287,日本精機,東S,2710,+116.0(+4.47%),8271.csv,3.32,"158,457",,,,,,,,
7296,エフ・シー・シー,東P,4120,-45.0(-1.08%),8271.csv,4.43,"214,473",,,,,,,,
7313,テイ・エス　テック,東P,1845.0,-1.0(-0.05%),8271.csv,5.01,"228,780",,,,,,,,
7318,セレンディップＨＬＤＧ,東G,1433,-65.0(-4.34%),8274.csv,,,,,,11.96,34.86,36.48,65.72,
7327,第四北越ＦＧ,東P,2525,+26.0(+1.04%),8271.csv,3.07,"696,036",,,,,,,,
7352,ＴＷＯＳＴＯＮＥ＆Ｓｏｎｓ,東G,347,-13.0(-3.61%),8274.csv,,,,,,28.68,18.93,23.92,22.66,
7353,ＫＩＹＯラーニング,東G,555,+6.0(+1.09%),8274.csv,,,,,,12.70,12.30,38.61,12.45,
7366,ＬＩＴＡＬＩＣＯ,東P,1941,+14.0(+0.73%),8274.csv,,,,,,19.22,16.77,28.80,15.96,
7373,アイドマＨＬＤＧ,東G,945,-21.0(-2.17%),8271.csv,3.17,"14,478",,,,,,,,
7374,コンフィデンス・インターワーク,東G,1522,+3.0(+0.20%),8271.csv,5.58,"10,220",,,,,,,,
7383,ネットプロテクションズＨＬＤＧ,東P,463,+0.0(+0.00%),8274.csv,,,,,,20.81,11.59,23.20,10.58,
7388,ＦＰパートナー,東P,2305,+40.0(+1.77%),8271.csv,4.08,"53,642",,,,,,,,
7409,ＡｅｒｏＥｄｇｅ,東G,1593,+46.0(+2.97%),8274.csv,,,,,,23.36,61.35,32.14,50.91,
7447,ナガイレーベン,東P,1792,-1.0(-0.06%),8271.csv,3.35,"55,079",,,,,,,,
7453,良品計画,東P,4297.0,+8.0(+0.19%),8274.csv / 8275.csv,,"2,413,023",,16.30,,35.01,15.48,32.42,17.02,29.63
7458,第一興商,東P,1899.0,+8.0(+0.42%),8271.csv,3.39,"197,436",,,,,,,,
7483,ドウシシャ,東P,3045,+35.0(+1.16%),8271.csv,3.69,"113,809",,,,,,,,
7508,Ｇ―７ＨＬＤＧ,東P,1456,+4.0(+0.28%),8271.csv,4.81,"64,168",,,,,,,,
7510,たけびし,東P,2791,+31.0(+1.12%),8274.csv,,,,,,10.65,12.87,36.99,10.82,
7537,丸文,東P,1826,+2.0(+0.11%),8271.csv,4.22,"51,221",,,,,,,,
7550,ゼンショーＨＬＤＧ,東P,11805.0,+120.0(+1.03%),8274.csv / 8275.csv,,"2,015,505",,15.80,,34.34,10.21,17.37,10.70,8.86
7561,ハークスレイＨＬＤＧ,東S,704,+10.0(+1.44%),8271.csv,4.26,"13,411",,,,,,,,
7564,ワークマン,東S,6300,+10.0(+0.16%),8274.csv,,,,,,21.81,11.40,14.84,14.39,
7575,日本ライフライン,東P,1571,+6.0(+0.38%),8271.csv,3.89,"112,012",,,,,,,,
7581,サイゼリヤ,東P,7270,-40.0(-0.55%),8274.csv,,,,,,29.57,16.23,15.65,15.28,
7593,ＶＴ　ＨＬＤＧ,東P,532,+1.0(+0.19%),8271.csv,4.51,"65,213",,,,,,,,
7599,ＩＤＯＭ,東P,1287,+8.0(+0.63%),8271.csv,3.25,"137,565",,,,,,,,
7606,ユナイテッドアローズ,東P,2481,-33.0(-1.31%),8271.csv,3.87,"74,960",,,,,,,,
7609,ダイトロン,東P,4095,+125.0(+3.15%),8274.csv,,,,,,13.91,16.34,25.77,13.26,
7613,シークス,東P,1567,-6.0(-0.38%),8271.csv,3.19,"78,977",,,,,,,,
7649,スギＨＬＤＧ,東P,2730.0,-21.5(-0.78%),8275.csv,,"532,553",,16.60,,,,6.82,11.96,19.22
7685,ＢｕｙＳｅｌｌ　Ｔｅｃｈ,東G,3270,-30.0(-0.91%),8274.csv,,,,,,21.46,37.64,75.99,51.96,
7686,ひとまいる,東S,441,-3.0(-0.68%),8271.csv,4.54,"12,938",,,,,,,,
7695,交換できるくん,東G,919,+17.0(+1.88%),8274.csv,,,,,,22.86,26.34,169.23,24.37,
7723,愛知時計電機,東P,2891,+30.0(+1.05%),8271.csv,4.15,"44,579",,,,,,,,
7729,東京精密,東P,18100.0,+90.0(+0.50%),8274.csv / 8275.csv,,"765,358",,13.60,,24.14,13.47,27.31,12.14,16.32
7740,タムロン,東P,1367,-16.0(-1.16%),8271.csv,3.39,"233,484",,,,,,,,
7741,ＨＯＹＡ,東P,24965.0,-30.0(-0.12%),8275.csv,,"8,359,231",,25.40,,,,5.69,9.60,26.04
7744,ノーリツ鋼機,東P,2045,+7.0(+0.34%),8271.csv / 8274.csv,3.67,"219,637",,,,12.09,43.81,20.28,26.86,
7747,朝日インテック,東P,3924.0,-100.0(-2.49%),8274.csv,,,,,,33.28,19.34,49.46,15.41,
7751,キヤノン,東P,4639.0,+30.0(+0.65%),8271.csv,3.53,"6,187,327",,,,,,,,
7760,ＩＭＶ,東S,2028,+28.0(+1.40%),8274.csv,,,,,,14.70,17.05,16.78,17.00,
7762,シチズン時計,東P,2724,+19.0(+0.70%),8275.csv,,"670,104",,11.30,,,,7.81,9.60,67.03
7775,大研医器,東S,427,-1.0(-0.23%),8271.csv,4.68,"13,596",,,,,,,,
7806,ＭＴＧ,東G,9090,+110.0(+1.22%),8274.csv,,,,,,33.65,42.19,48.40,39.82,
7809,壽屋,東S,1325,+5.0(+0.38%),8271.csv,3.92,"11,330",,,,,,,,
7811,中本パックス,東S,1960,-3.0(-0.15%),8271.csv,3.78,"17,485",,,,,,,,
7819,粧美堂,東S,998,+22.0(+2.25%),8271.csv,3.31,"13,383",,,,,,,,
7832,バンダイナムコＨＬＤＧ,東P,5658.0,+82.0(+1.47%),8275.csv,,"3,649,410",,17.00,,,,6.16,6.34,8.29
7839,ＳＨＯＥＩ,東P,2083,+10.0(+0.48%),8271.csv,3.13,"108,980",,,,,,,,
7849,スターツ出版,東S,3050,+15.0(+0.49%),8271.csv,4.26,"11,712",,,,,,,,
7856,萩原工業,東P,1881,-11.0(-0.58%),8271.csv,3.99,"28,022",,,,,,,,
7860,エイベックス,東P,1299,+18.0(+1.41%),8271.csv,3.85,"59,873",,,,,,,,
7888,三光合成,東P,916,+13.0(+1.44%),8271.csv,3.49,"28,111",,,,,,,,
7906,ヨネックス,東S,2772,-92.0(-3.21%),8274.csv,,,,,,17.58,10.58,13.12,14.39,
7914,共同印刷,東P,1752,-7.0(-0.40%),8271.csv,4.57,"52,560",,,,,,,,
7915,ＮＩＳＳＨＡ,東P,1304,+2.0(+0.15%),8271.csv,4.12,"62,613",,,,,,,,
7931,未来工業,東P,3705,+35.0(+0.95%),8271.csv,4.05,"94,874",,,,,,,,
7932,ニッピ,東S,11870,-10.0(-0.08%),8271.csv,5.91,"34,292",,,,,,,,
7936,アシックス,東P,4536.0,-159.0(-3.39%),8274.csv / 8275.csv,,"3,331,611",,39.10,,25.82,23.69,29.25,21.58,50.42
7942,ＪＳＰ,東P,3115,+30.0(+0.97%),8271.csv,3.21,"81,635",,,,,,,,
7943,ニチハ,東P,3125,+20.0(+0.64%),8271.csv,3.87,"107,772",,,,,,,,
7944,ローランド,東P,3860,+5.0(+0.13%),8271.csv,4.40,"102,601",,,,,,,,
7956,ピジョン,東P,2142.5,-6.5(-0.30%),8271.csv,3.56,"260,643",,,,,,,,
7965,象印マホービン,東P,1495,+10.0(+0.67%),8271.csv,3.48,"108,537",,,,,,,,
7972,イトーキ,東P,2644,+57.0(+2.20%),8271.csv / 8274.csv,3.59,"141,144",,,,11.22,11.68,23.20,11.34,
7974,任天堂,東P,8896.0,+32.0(+0.36%),8275.csv,,"11,451,465",,14.90,,,,8.88,41.05,45.63
7990,グローブライド,東P,2466,-57.0(-2.26%),8271.csv,4.06,"54,743",,,,,,,,
7994,オカムラ,東P,2375,+10.0(+0.42%),8271.csv,4.55,"238,975",,,,,,,,
7995,バルカー,東P,6680,+0.0(+0.00%),8271.csv,3.09,"124,841",,,,,,,,
8002,丸紅,東P,4907.0,-50.0(-1.01%),8275.csv,,"8,149,340",,13.60,,,,10.53,5.56,5.60
8008,ヨンドシーＨＬＤＧ,東P,2169,-20.0(-0.91%),8271.csv,3.92,"52,775",,,,,,,,
8015,豊田通商,東P,7535.0,+51.0(+0.68%),8275.csv,,"7,113,598",,12.80,,,,15.54,10.07,5.23
8016,オンワードＨＬＤＧ,東P,777,-1.0(-0.13%),8271.csv,4.21,"110,273",,,,,,,,
8020,兼松,東P,2192.5,+11.5(+0.53%),8271.csv,3.21,"370,533",,,,,,,,
8035,東京エレクトロン,東P,55500.0,+90.0(+0.16%),8274.csv,,,,,,33.97,37.23,56.30,17.43,
8050,セイコーグループ,東P,11230,+330.0(+3.03%),8274.csv,,,,,,37.73,12.26,24.60,11.20,
8056,ＢＩＰＲＯＧＹ,東P,4650.0,+21.0(+0.45%),8271.csv / 8275.csv,3.04,"460,162",,17.90,,,,8.60,8.20,13.03
8057,内田洋行,東P,2255,+26.0(+1.17%),8271.csv,3.19,"117,478",,,,,,,,
8061,西華産業,東P,3120,+65.0(+2.13%),8274.csv,,,,,,14.59,15.22,11.78,15.48,
8078,阪和興業,東P,1858,-10.0(-0.54%),8271.csv,3.07,"393,270",,,,,,,,
8101,ＧＳＩクレオス,東P,2734,+19.0(+0.70%),8271.csv,3.88,"34,530",,,,,,,,
8111,ゴールドウイン,東P,2166.5,-18.5(-0.85%),8271.csv,3.20,"308,389",,,,,,,,
8129,東邦ＨＬＤＧ,東P,3979.0,+26.0(+0.66%),8271.csv,3.90,"290,570",,,,,,,,
8130,サンゲツ,東P,3200,+20.0(+0.63%),8271.csv,4.84,"189,440",,,,,,,,
8136,サンリオ,東P,1210.0,-4.5(-0.37%),8274.csv / 8275.csv,,"1,545,221",,41.60,,22.80,18.10,15.59,25.77,48.42
8151,東陽テクニカ,東P,1974,+2.0(+0.10%),8271.csv,3.55,"51,492",,,,,,,,
8154,加賀電子,東P,4980,+85.0(+1.74%),8271.csv,3.15,"261,384",,,,,,,,
8174,日本瓦斯,東P,2973.0,-2.5(-0.08%),8271.csv,3.73,"320,941",,,,,,,,
8185,チヨダ,東P,1071,-1.0(-0.09%),8271.csv,4.93,"36,799",,,,,,,,
8217,オークワ,東P,813,+8.0(+0.99%),8271.csv,3.20,"34,095",,,,,,,,
8219,青山商事,東P,777,+1.0(+0.13%),8271.csv,4.89,"117,468",,,,,,,,
8252,丸井グループ,東P,2982.0,-40.0(-1.32%),8271.csv / 8275.csv,4.55,"547,675",,11.60,,,,6.34,8.48,6.85
8253,クレディセゾン,東P,4807.0,+72.0(+1.52%),8271.csv,3.34,"774,420",,,,,,,,
8358,スルガ銀行,東P,2946,+32.0(+1.10%),8274.csv,,,,,,14.17,19.73,23.87,20.20,
8359,八十二長野銀行,東P,2641.5,+32.0(+1.23%),8274.csv,,,,,,16.23,11.77,23.87,15.89,
8410,セブン銀行,東P,337.8,+2.4(+0.72%),8271.csv,3.26,"398,370",,,,,,,,
8418,山口ＦＧ,東P,3161.0,+34.0(+1.09%),8274.csv,,,,,,14.57,31.86,42.92,27.21,
8424,芙蓉総合リース,東P,4459.0,+29.0(+0.65%),8271.csv,3.99,"405,160",,,,,,,,
8425,みずほリース,東P,1384,+8.0(+0.58%),8271.csv,3.90,"391,210",,,,,,,,
8439,東京センチュリー,東P,2601.5,+17.0(+0.66%),8271.csv / 8275.csv,3.43,"1,280,233",,10.40,,,,8.98,5.80,23.55
8473,ＳＢＩ　ＨＬＤＧ,東P,3394.0,+162.0(+5.01%),8271.csv,3.39,"2,243,993",,,,,,,,
8566,リコーリース,東P,6800,+30.0(+0.44%),8271.csv,3.76,"212,454",,,,,,,,
8570,イオンフィナンシャルサービス,東P,1722.5,-1.5(-0.09%),8271.csv,3.11,"372,077",,,,,,,,
8572,アコム,東S,494.1,+3.3(+0.67%),8271.csv,4.45,"774,064",,,,,,,,
8584,ジャックス,東P,3880,+45.0(+1.17%),8271.csv,5.15,"174,833",,,,,,,,
8585,オリエントコーポレーション,東P,884,-2.0(-0.23%),8271.csv,4.52,"151,949",,,,,,,,
8591,オリックス,東P,6325.0,+46.0(+0.73%),8271.csv / 8275.csv,3.16,"7,109,977",,10.40,,,,64.14,14.12,43.91
8593,三菱ＨＣキャピタル,東P,1407.5,+13.5(+0.97%),8271.csv,3.75,"2,064,679",,,,,,,,
8595,ジャフコ　グループ,東P,2340.5,+13.0(+0.56%),8271.csv,5.87,"126,972",,,,,,,,
8601,大和証券グループ本社,東P,1814.0,+0.5(+0.03%),8271.csv,3.73,"2,846,854",,,,,,,,
8604,野村ＨＬＤＧ,東P,1603.5,+32.0(+2.04%),8271.csv,3.52,"4,952,511",,,,,,,,
8616,東海東京フィナンシャルＨＬＤＧ,東P,872,+8.0(+0.93%),8271.csv,3.44,"227,228",,,,,,,,
8628,松井証券,東P,1127,+9.0(+0.81%),8271.csv / 8274.csv,5.15,"292,191",,,,13.61,26.09,36.47,30.14,
8697,日本取引所グループ,東P,2288.5,+26.0(+1.15%),8271.csv / 8274.csv / 8275.csv,3.35,"2,361,240",,23.10,,23.58,22.70,31.09,21.97,29.51
8698,マネックスグループ,東P,741,+3.0(+0.41%),8271.csv,4.10,"186,471",,,,,,,,
8725,ＭＳ＆ＡＤインシュアランスＨＤ,東P,5084.0,+12.0(+0.24%),8271.csv,3.35,"7,588,134",,,,,,,,
8729,ソニーフィナンシャルグループ,東P,162.7,+0.6(+0.37%),8271.csv,4.95,"1,101,537",,,,,,,,
8739,スパークス・グループ,東P,2585,+75.0(+2.99%),8271.csv,3.64,"107,298",,,,,,,,
8750,第一ライフグループ,東P,1824.5,+22.5(+1.25%),8271.csv,3.88,"6,609,503",,,,,,,,
8766,東京海上ＨＬＤＧ,東P,7629.0,+221.0(+2.98%),8271.csv,3.22,"14,754,486",,,,,,,,
8771,イー・ギャランティ,東P,1825,-4.0(-0.22%),8271.csv,4.60,"82,737",,,,,,,,
8795,Ｔ＆Ｄ　ＨＬＤＧ,東P,4851.0,+84.0(+1.76%),8271.csv,3.36,"2,367,288",,,,,,,,
8802,三菱地所,東P,3783.0,+73.0(+1.97%),8274.csv,,,,,,18.64,14.04,19.34,12.27,
8803,平和不動産,東P,2423,+21.0(+0.87%),8271.csv,4.25,"172,081",,,,,,,,
8804,東京建物,東P,3425.0,+8.0(+0.23%),8271.csv / 8275.csv,3.67,"712,327",,10.40,,,,9.12,6.52,9.01
8841,テーオーシー,東S,1034,+3.0(+0.29%),8274.csv,,,,,,29.43,12.17,43.57,13.69,
8850,スターツコーポレーション,東P,4735,+30.0(+0.64%),8271.csv / 8275.csv,3.20,"255,681",,13.90,,,,7.86,10.70,14.49
8864,空港施設,東S,981,+9.0(+0.93%),8271.csv,4.28,"51,018",,,,,,,,
8871,ゴールドクレスト,東S,3380,+35.0(+1.05%),8271.csv / 8274.csv,4.73,"120,950",,,,10.84,40.76,75.43,20.95,
8876,リログループ,東P,2169.5,-19.5(-0.89%),8271.csv,3.18,"331,969",,,,,,,,
8897,ＭＩＲＡＲＴＨＨＬＤＧ,東P,466,+4.0(+0.87%),8271.csv,4.94,"64,280",,,,,,,,
8919,カチタス,東P,3765,+65.0(+1.76%),8274.csv / 8275.csv,,"296,120",,25.20,,20.48,17.54,16.65,17.38,28.34
8920,東祥,東S,733,+4.0(+0.55%),8273.csv,,"28,085",0.70,9.60,52.49,8.90,,,,
8923,トーセイ,東P,1840,+14.0(+0.77%),8271.csv / 8274.csv / 8275.csv,3.17,"179,455",,15.30,,10.87,27.32,14.70,21.11,18.81
8929,青山財産ネットワークス,東S,1396,+7.0(+0.50%),8271.csv,4.15,"35,085",,,,,,,,
8934,サンフロンティア不動産,東P,2535,+8.0(+0.32%),8271.csv,3.35,"145,528",,,,,,,,
9006,京浜急行電鉄,東P,1583.5,-2.5(-0.16%),8271.csv / 8274.csv,3.01,"436,667",,,,13.31,28.43,49.45,15.30,
9007,小田急電鉄,東P,1773.5,-15.0(-0.84%),8271.csv,3.38,"653,531",,,,,,,,
9021,西日本旅客鉄道,東P,2986.0,+0.0(+0.00%),8271.csv,3.26,"1,360,306",,,,,,,,
9025,鴻池運輸,東P,2945,+18.0(+0.61%),8271.csv,3.74,"167,725",,,,,,,,
9028,ゼロ,東S,3470,+10.0(+0.29%),8271.csv,4.44,"60,934",,,,,,,,
9031,西日本鉄道,東P,3100.0,-8.0(-0.26%),8271.csv,3.06,"246,017",,,,,,,,
9039,サカイ引越センター,東P,3000,-10.0(-0.33%),8271.csv,3.90,"126,972",,,,,,,,
9065,山九,東P,8399.0,-26.0(-0.31%),8271.csv,3.28,"444,322",,,,,,,,
9076,セイノーＨＬＤＧ,東P,2776.0,-21.5(-0.77%),8271.csv,3.83,"520,999",,,,,,,,
9090,ＡＺ−ＣＯＭ丸和ＨＬＤＧ,東P,881,-4.0(-0.45%),8271.csv / 8275.csv,3.65,"121,564",,12.40,,,,10.02,9.40,7.60
9101,日本郵船,東P,6964.0,-177.0(-2.48%),8271.csv,3.41,"2,822,660",,,,,,,,
9104,商船三井,東P,7074.0,-140.0(-1.94%),8274.csv,,,,,,11.25,19.97,22.91,11.05,
9107,川崎汽船,東P,3306.0,-115.0(-3.36%),8271.csv,3.63,"2,113,103",,,,,,,,
9142,九州旅客鉄道,東P,3536.0,-7.0(-0.20%),8271.csv,3.44,"546,839",,,,,,,,
9143,ＳＧ　ＨＬＤＧ,東P,1528.5,-24.0(-1.55%),8271.csv,3.53,"978,843",,,,,,,,
9166,ＧＥＮＤＡ,東G,776,+6.0(+0.78%),8274.csv,,,,,,20.21,29.81,77.29,40.83,
9168,ライズ・コンサルティング・グル,東G,421,+4.0(+0.96%),8271.csv,4.99,"10,523",,,,,,,,
9201,日本航空,東P,3043.0,+20.0(+0.66%),8271.csv,3.20,"1,391,088",,,,,,,,
9216,ビーウィズ,東P,1719,+13.0(+0.76%),8271.csv,4.48,"24,716",,,,,,,,
9218,メンタルヘルステクノロジーズ,東G,777,+5.0(+0.65%),8274.csv,,,,,,27.17,42.96,25.57,33.85,
9245,リベロ,東G,1960,-12.0(-0.61%),8274.csv,,,,,,12.23,21.43,63.40,21.56,
9251,ＡＢ＆Ｃｏｍｐａｎｙ,東G,1549,+18.0(+1.18%),8271.csv / 8274.csv,3.87,"23,618",,,,15.01,16.11,49.76,11.24,
9279,ギフトＨＬＤＧ,東P,5160,+120.0(+2.38%),8274.csv,,,,,,33.62,21.69,42.92,23.83,
9332,ＮＩＳＳＯＨＬＤＧ,東P,680,+13.0(+1.95%),8271.csv,3.46,"23,137",,,,,,,,
9364,上組,東P,4875.0,+10.0(+0.21%),8271.csv,4.33,"519,562",,,,,,,,
9409,テレビ朝日ＨＬＤＧ,東P,3155,+10.0(+0.32%),8271.csv,3.15,"342,409",,,,,,,,
9416,ビジョン,東P,1047,-7.0(-0.66%),8271.csv,4.87,"53,333",,,,,,,,
9432,ＮＴＴ,東P,169.6,+0.4(+0.24%),8271.csv,3.13,"15,357,333",,,,,,,,
9434,ソフトバンク,東P,239.5,+0.2(+0.08%),8271.csv / 8275.csv,3.74,"11,516,089",,19.30,,,,12.25,7.43,5.68
9438,エムティーアイ,東P,607,+5.0(+0.83%),8271.csv,3.29,"36,684",,,,,,,,
9449,ＧＭＯインターネットグループ,東P,4048.0,-20.0(-0.49%),8275.csv,,"434,549",,16.30,,,,15.83,5.92,10.89
9450,ファイバーゲート,東S,789,+16.0(+2.07%),8271.csv,3.42,"16,248",,,,,,,,
9474,ゼンリン,東P,905,+1.0(+0.11%),8271.csv,4.64,"51,858",,,,,,,,
9503,関西電力,東P,2608.5,+17.0(+0.66%),8271.csv,3.07,"2,908,287",,,,,,,,
9504,中国電力,東P,980.7,+0.4(+0.04%),8271.csv,3.06,"379,683",,,,,,,,
9506,東北電力,東P,1327.0,+13.5(+1.03%),8271.csv,3.09,"667,325",,,,,,,,
9509,北海道電力,東P,1094.0,+18.0(+1.67%),8271.csv,3.06,"235,529",,,,,,,,
9511,沖縄電力,東P,1172,-4.0(-0.34%),8271.csv,4.27,"66,720",,,,,,,,
9543,静岡ガス,東P,1287,+8.0(+0.63%),8271.csv,3.42,"98,060",,,,,,,,
9551,メタウォーター,東P,3140,-5.0(-0.16%),8274.csv,,,,,,13.18,14.98,14.60,16.07,
9552,クオンツ総研ＨＬＤＧ,東P,1095,+7.0(+0.64%),8274.csv,,,,,,17.90,27.52,19.92,13.10,
9554,ＡＶｉＣ,東G,1781,+60.0(+3.49%),8274.csv,,,,,,14.85,49.21,50.48,43.79,
9628,燦ＨＬＤＧ,東P,1375,-13.0(-0.94%),8271.csv / 8273.csv,4.15,"33,275",0.76,13.50,58.95,7.95,,,,
9682,ＤＴＳ,東P,1126,+6.0(+0.54%),8271.csv,3.37,"184,613",,,,,,,,
9692,シーイーシー,東P,2497,+24.0(+0.97%),8271.csv,3.40,"87,815",,,,,,,,
9697,カプコン,東P,4280.0,+14.0(+0.33%),8274.csv / 8275.csv,,"2,281,288",,22.10,,28.11,12.83,22.27,14.00,12.95
9715,トランス・コスモス,東P,3735,+0.0(+0.00%),8271.csv,3.76,"163,829",,,,,,,,
9716,乃村工藝社,東P,1270,+9.0(+0.71%),8271.csv,3.57,"152,269",,,,,,,,
9729,トーカイ,東P,2575,+2.0(+0.08%),8271.csv,3.18,"85,212",,,,,,,,
9733,ナガセ,東S,2349,+37.0(+1.60%),8271.csv,5.11,"71,516",,,,,,,,
9743,丹青社,東P,1521,+16.0(+1.06%),8271.csv,5.26,"73,653",,,,,,,,
9744,メイテックグループＨＬＤＧ,東P,3378.0,+12.0(+0.36%),8271.csv,5.53,"263,484",,,,,,,,
9757,船井総研ＨＬＤＧ,東P,1172,+0.0(+0.00%),8271.csv,4.10,"117,200",,,,,,,,
9759,ＮＳＤ,東P,2883.0,+2.0(+0.07%),8271.csv / 8275.csv,3.38,"247,938",,18.40,,,,5.58,8.14,13.43
9766,コナミグループ,東P,22240.0,+50.0(+0.23%),8274.csv / 8275.csv,,"3,191,440",,19.10,,24.29,12.31,24.78,14.68,35.25
9795,ステップ,東P,2312,+11.0(+0.48%),8271.csv,3.81,"38,541",,,,,,,,
9828,Ｇｅｎｋｉ　Ｇｌｏｂａｌ　Ｄｉ,東S,3565,+30.0(+0.85%),8274.csv,,,,,,14.27,22.44,23.43,15.65,
9837,モリト,東P,1810,-19.0(-1.04%),8271.csv / 8274.csv,3.98,"48,508",,,,13.83,15.18,13.13,16.17,
9889,ＪＢＣＣ　ＨＬＤＧ,東P,1728,+8.0(+0.47%),8271.csv,3.47,"122,852",,,,,,,,
9928,ミロク情報サービス,東P,1968,+29.0(+1.50%),8271.csv,3.30,"63,579",,,,,,,,
9960,東テク,東P,3820,+55.0(+1.46%),8271.csv,3.35,"160,302",,,,,,,,
9962,ミスミグループ本社,東P,3666.0,+2.0(+0.05%),8274.csv,,,,,,22.66,18.49,31.05,14.06,
9983,ファーストリテイリング,東P,72120.0,-410.0(-0.57%),8274.csv / 8275.csv,,"22,950,099",,20.20,,43.47,16.61,20.20,13.03,16.76
9989,サンドラッグ,東P,3749.0,-3.0(-0.08%),8271.csv / 8275.csv,3.69,"447,373",,11.30,,,,7.99,6.35,5.44
